type,id
file,00096baec7a030d4b79e49b0559108f49366cf76f4722278cd06ee53aa19d299
file,0030659fa1bc36e6b6d5a843e6fe8c01eaa6c430b3430ef32dd6e926d508e3ad
file,00386f027f485e3c325747de08d96436d0da06eabe563f34accef9a6ae02dd90
file,004b4e313ddfb17f15a595bdd5101ea61d99c7a6e2a2dab68ee556841048ef9b
file,00a4f84e9b884cde367b0b8ff5c2f3ad0eaa982b560f76900f4654ebd5bc3b65
file,00c27ff8c08eafc4d396c17d3c334170555a86887c85044a4d64d7f12560ffcd
file,00c6623b0a53c79f7279a8c58671b6f82e5f20babfe2fdfbe03380d50d6c22f7
file,00fe26cfe465740e61b99f105bcf2516ff49e117f23f4b508d5256c57fa3fc66
file,01171a5c4c52718a6b60ab476180a8c065871e68d4d6f1c6fd5580d67b68c305
file,0126bbf158e0587d0187ada536a3db17e05bcd752d9a4da10109813acf79937f
file,013e26c6197bf14c5635ac5b2edcc84ec9f1e052fd2190eb8f5a7934894d36b1
file,016a67e43b9f19e2b5e863db08205ac49490be20789af7ec88436ad1fac3d5d8
file,016fba530ad8d79a25f4371ad2eadea449b35256dcb65f1d2d71b47119c924a7
file,019837d3545e57da432d02ab77deb63087ac0f1367745804b305f13c3a085e40
file,01ec24c63c43aa05b3cdcfad104903bf9fe90afc173974b9151dbc6adc7b62e3
file,01fd57ee221646b7caa3c143b8e26e5c0c86f6a8373976c63ca4da4badf2748a
file,0200ead20cb8add6617830601e12b3859dc134cbe991c6b5c1f97879b517d7ef
file,0202399aece069c01d895fc9a829d7ef630be4b743c2d5999d1a12b8a1fc6e33
file,0227b471bc879e763c5d2144e154022d74467e0b5dd78ff2dfaa726a6d487a21
file,024911318957b8f3689dbfae974a764163ebdfc122564c4e012b5e20260969f2
file,0267e7dce096ed6bb93dcda4abee3fdd9e6efa2521ac151c3f6e4114b655b335
file,027208ee73ae55c967228ad5b77dfbc43dee36aa67bd9cf60c58630d6a7ffbbe
file,027e61ce6176b8fe038319fe419879cabc13145bec4f5b7d0dcc5f5130593b28
file,027e98cf9f3c7bba57ec4c396cb355ea30f80634d3d42d99ae225fa4fa333661
file,0288ba08e9b8820f516159310d1148a7
file,029c13028ecff0e69045dd70388e6513e1f4faf88cfe18bbb3b71e0ba9ecd716
file,02a261ddf7e1e3ff30a60f38bafcb80458c5d361179d37a6bd9861273f841e3c
file,02c0cc5e2f5f8a3248683fa002ebd9100e4e1e0bab561a3b4029fb9585a349f8
file,02c3ffcceb4e065df4eccc37bb77da8f859f9af37177e116c5deb443ffb47da0
file,02fd483ba27e7b34d82b45f4e9bd23c4d808764b09c5676feed6f91ef1e895e5
file,031b872ecbbdf634205aa4e79baab7e19084fd53872abf6349ec2ea14aa1e6ae
file,0321ff9b349c1bda3dbb56c61d35ebe56ac8ac9dfbb6206048bd9b8153538d88
file,0327998de05ed6cceb4d7ae2c881143af8f167729017fa10bb5f2159fb68fcdc
file,0347d5951c48eabd2c8f377c2627de267f2cff0963647a0e02273555724d169d
file,0348c0fa7c4858eb818ea55d1a0a1300a2ecfd47a47d79ba25409652404f7ee8
file,036c778f3bbdc817b45b834d78060c3abe90712fae8aec67c5eb33d1747683f3
file,03b55ecdd090229c794d3dea2f938b81ad7cd78b4709acd1f5ddfe215f6f1ce2
file,03b76d8af28aac08a86fdc89e0b8482cab7a4ecd37706b3c56f86000e14edb3d
file,03ddfd20da55ea812ff6f36266f32e0410db40c4cac33cdd53677b56fe6d1391
file,03f9dadd2c5f7f4840947221a7e12d6e8fceaf6eb45035ce9368a6c6fdd9f75f
file,040a655ddeb2b57e134313741506f2f8650f297700d92783ce406817691881f0
file,04164fe95b4e4998437ec82b68b84abd975675bb00f31e78562a78c2971942d2
file,042a01e69dbde8db6a69f0e99aacdf891552920df152f851c21e81d261be464f
file,043429ed8e6fd1f34d9e160a7dbda528c23159ec944fede39785f6e53f911b75
file,043d628ef5bee322708a852bc2bdfc476e74903882999c98869a9b1807889854
file,04569273b734d5f1461ca8bc30bb23327fa877af2ad076d54979ca40f7542a35
file,045ef1f24535d334bc4ae0c625c6b073c5095b98fc9e91f63e55b4a1423f680b
file,04a87b8f058d7530d2e2d860d9792e27ac4a33a3865644f618340a1614a011aa
file,04af7209a67f5977ed0e9ca5471cc0eac97ec934425f5d0205f0b6e6ff076dd9
file,04d7fb90d3ec99bfce3e54b5b9898e1b36253ff1d63e0f599581516fb49c2792
file,04f4440c5b6f2bfdff243c4e8a6e1ccd34a9dc2ab4e030910cb49b0996b1e405
file,04f7b54aba4cf9f836cac0d6252fd12903e44116d6b65ea9b24250503aadc0ac
file,051278c62a75606978acf746f55d1a6662e14305f3a9c793f7fa3f61d6276183
file,054f6829c1afeffc45761e4f908c74b71afd2c9144dd9bd52c4718a05a15e3d0
file,0576981852f33d6ebc8c6a3df12f6349a27d03c9e2aff40c6d0dbeca5de34c06
file,0584f44754e02186a1e9ca1024f93e96c8152be63fc20070f5c64605d2988276
file,058890c0045a5ff404ad790427c3bb9d4816ce9ac1c2c5c7f2c672da5794d383
file,05cb51207db76f360abfb88c94dd2cbf4d2d608eb347ad99bba3308de3fa18e1
file,05e973761e44463f832a1d02a7ef7615686bfee5d9cf3d585c1c8f51b9d8a2d4
file,05ebfa6cff08e7e48e0289e7b28560f49291d1bd62e6f5fb7b021839ab3bc2bc
file,05f63daeba08d95ecd347fc872e0a321e3efba61ebd7c1ce5a6707bf0aaecd3e
file,05fa0909931cebce3ecb1fe02153c151d13f579200f4c3ec1b17f4a6d2c64038
file,06143a43bbbb25e1318425b50955e70cbbd8b047199e1e1de4cdabcfedfa6595
file,061768b959434a6b9a5ad4dda1bfe01112cc494161f7a566a0a2465a0f11b833
file,062bfb6c2809ce2dd8a290e0a05674a8b375618082bcc03c65d512544d1e6ff9
file,06406efaeae44a51b4cef183940a9e20e62377c6f4206e2342d694be0e81c1d6
file,0671ddb70955dbcd971683c37bc06de2e732b66578fa0643dd3f9f15ec6b1266
file,06892150211374954143024063aa0f1ab4ffa85cc509c9f6c3298dd2eae2833e
file,06993048d5fa831ed9988ecd5f8eeb0b901a8e96fe33fd166fd282782cda70e1
file,06a11db362837dba9ffdaaa9cca8a5b60134693c332c8f3bab651a39148d4e9e
file,06b54283cd5e893b5a80456aecd9e084a6e71b40e2fef93a3c100d72caa20461
file,06ccd1386de4b47bb800e2bac8bd1b72dd155b6dcba6a2beb6206137a589af13
file,06da0c27f9d556d411d5d6a0192df4f4179b0b50d1aa0015d88e4866292bf6e1
file,06fde1ba0fcbe43af3a5612a896f0f92e38a14190ba7c5216f192953ef0526d2
file,071ec665aa4d5242e421a4bf3f51cb0bd738632e
file,0799afbd26f4bd57bd261f8512fee9444da4e1c04d6f036293b91816ab227685
file,079b61754c88198c2ddff03287a7314e30c51d1c568d09d03067a004995a0ab8
file,0854792d4d8d182c201d0f772cf4691292c26f47a264d73ef3a7045a0a289122
file,0887a30f87658b3a956eee07797aac0dec9d1fec26c8badd34d9af5050f9e764
file,089242a3c8fa3886b3c5b1d68b9a2963ab816ee8c32492a0aa0d96b9e0e6c56d
file,08ad5e0d3660a142c8a9b2cf5b4d6698c7c770607a8239a975e76a610dbd0658
file,08d602adc06d1f2cb5a0c7bd14f3ed2f996c2c72708c9a1c67b0e68035d865eb
file,08e33db08288da47bbbe3a8d65a59e8536b05c464ba91dc66e08f9abd245e236
file,08f1a93fd5f6d21a830550cd75ff91514fbba080c50f15637fa594c2981655dc
file,09256c02d77ed62cad216698a52e930a86f9745c19db41ccc26fe7afdff75913
file,092c34359dbbcb3a9c11792ecae46a0c98e7203444939591ca11d886153e5333
file,0992895ee98d9a3ac968d806568be9b30184dec277e0ebd86925474dbc56028f
file,09aa30f41cc37c4e82ee9f2a0c6133fa2582076d41ee4789480adb09e8411a8f
file,09b844f476eadf1fde571e5c4f8e8aff430957ae7e15aba71a432140b4a7162b
file,09dbfe302ade5e58ce600f27c4570d962ebf1cb25d6bbf91ac61de6c60507f3f
file,09e425ba471abf762d8abae7357b0c2a15aece1e5a94b0086e17a6dc1c280483
file,09e4e79131bb415a34ffc6295189df6e5d6c41ef352ed9bfe011c94e1a1b4b20
file,0a1c58c839bf6cd0509f4d4defe201326239f07f11551790fc3ea26dd214527b
file,0a2c6dc1b8135a4800ed0110f9f569bcf7c9069cc0d73823dca5e4f109e0a7f7
file,0a34f0dd0827af6ff153a0c6b8fa601c2b81a7c893d82fdfd999b752671b83c0
file,0a84f11ab4b23f9912a7e7ad349342e608495d0a58cb2ee87362825daa5b8a07
file,0aa99fbc37f010f8324e5ef02639531bb8315f59acd98fd6bdf77ffa8e75d5a0
file,0aad9697055b7c6a8cfba2c2ea7f52b80ade116b46369dfe31ac22a2b3f6d10c
file,0aadd4895fb745215e7f562df8112d100bab44b18ff9cb2f581c433e7a6f7005
file,0ad77dd5f1250be390eaec8ea0fcb57b30e62f12fbdace956f363805c2fcb950
file,0affbad5e70cdf505825da82a74eec4edf971ef1b48fe8fa8f532a3ac831a331
file,0b1ae5f99c952ac5e2e475084cc0c5ba432e3654377ebf965db8dda4600fba0d
file,0b23f858318c865b3fbfb22524c5c551442606493b8d6252bdce7cf49231210d
file,0b2730b63a90f141b8c1f00c720596bebdba5502ab1aca059b440b8d8c72ab46
file,0b3223083eaa3ebc47f2f4a941f772266491e54760d438659af6f49268bfc1e2
file,0b4ccab17f2ab513f17deb3cbd9817de613652a9dfccfa5b8a3e694eeb7b828f
file,0b610ad31be36e1fae804a81cd8afec94b43d9c4a2142ae86eee51a5e5a0327b
file,0b6150d79264d43a2a7c4f5fd8831246e4fd54ba4511e5c296763b4523c991ba
file,0b851de16604b3b43112a95695ca7eee667335ff3bf1e7e72b42c72eac3f6bd5
file,0b9d4c31e5396ffbcb5539382731853d
file,0ba781617886b0fa972618bf0fae334e27efea2199ad5b1eeae7738a756c3ff6
file,0bb3497ab7816b6acdd428c0247973604b517d04e195613104abeb1f8eb5a045
file,0bed3125d17d1e4ef0594d3558d33233cf1cfc95f8f0a0a6b9f205856be9708e
file,0bfd88b18fd923ce4b24fd10d5cf8a3674fded6d738a15c6648fd18fb2fe4675
file,0c48501928df15548d2b558ee1bfaeecf7142e5c1fed14890891085ed28974ba
file,0c5a0955af4abdf6585e209e9de13e7f7ea39a7561a5b0895ece3c329b59cf1c
file,0c7b8c89d113ddca8dacb679ace94f3ccbf1b8ec2aac302f6731210cee43a58f
file,0ca20832ea6d6b4b8e61d83aec1e26f29ec07c8a554bac5ab41536baea97dd0f
file,0ca39f38a414a9b8bcbb9e3c5e6e4834c362e15afdc516c48dce2354b3c4f217
file,0ca6d71b6dd1cdf5be38f463e6cfa63a39ba33b48ceaf53678477ce06f12654a
file,0cb88e7e4e3437dde3a63a8041456fcbb7766aadb250ea958579b6b0c4af1874
file,0cc673f75c806671d9e4e3333e1144e750fdd3115a9510d130ccde1b1cc9a852
file,0cccf6436a03f5a80d37974f0936079767a70b132030d142890946a344a5e050
file,0d021339f820421a329043f79b2df0997d3d02f486fc0f0d6cdb157104fce1fd
file,0d2e111f3548a89d1db1d15a3a4fab34dd5d5b9426a04e08f41d655236c96aa8
file,0d3659c80973330dd7574eec0c04f731324a40b30b7c968f64f771bf5b3a2c40
file,0d5ec295dafe614514a80a703ec608b49c51da18bf056a5bb7dcf42c5d74c7c4
file,0d8a3664e7b31d1ad27daf97c2e439f0308db25186fb3c58f7ffbc6d4e4a36c9
file,0dc931388116b67753b81e1cd88524213dc60b00fd7eb1b7e1cf56c153f6b333
file,0dd249913b773f788e5d9fe748b010f717d35353cf8fdd4edf8a060885675a25
file,0dfdd134c2e129cde7e2cfc3cea4271f05171e8a760a4158fd3f09453a6227d2
file,0e02f9b7dfe0bdb586e69dac9b78f972cd76363ab3c41ed59b72d85411699100
file,0e35be5ec65e2fef6baac8275f5f2c047db8ba15098eb4a7ade378f559644e95
file,0e7b9d3cd6640a5da6cdc492a820c36d53ef23aa64c93479c446367ff2cb9308
file,0eb2b77909ef47623e623f00d34241779a12db86579df16a535c1746ebec4a6a
file,0ec1207646e2e6bde22497d2d3b5568fa9dfa17fdaf3741a0b9f4f285bdf2ecb
file,0ecc150b3aa58a79ea1314f1fd5134b259866a38a569f1ab4eb99ee495b05851
file,0ed02fa3b55cba813036c185d90d1ca6603a1fe17890f54a4ccebb53df579ab9
file,0ed3f178904b015fee760697745a314328f114f7b9d439ba3535d4f12ec5ef9d
file,0f08dfb57a5a1d6a197a4037a5086c0889d3a7b5bf322ad991fd4e0614cf73fb
file,0f0d1359b40ada78060009af473fb75f954e3ca38cd6c5b43c95d3d7f3ec5bd9
file,0f281249627ea770dd95e9db71db7f12364df913e7f24af4962de8e0a9146d79
file,0f5443fcbed8eb105e004becc0a6974d1ef8c66f5e99431cca227824254fbf10
file,0f72decd15d923e17794fee8d6cf7a49212895105fbdaa3e80d87294479b7e5f
file,0f7df761a5cefea299462975a379d34c46bd42c5291f73d7a9215d8e8a493cb3
file,0f91752a37bd02470b60a1a31f699a3e97acf759e347be56985d93622d546455
file,0fa8f85a84f8a9bb0d5e2a4d1fd692d10865bc54678902753510f128571ba456
file,0fb0553204c1d1d573f633f386bc1652d6d7688c0fe0f1ad98906c39d8554887
file,0fb4b0703ee871730124126764f0b92b01eab05c7bd39666a70b906730f44327
file,0fdeef7104ba418d072c5163d0a6623e058cfd1c1c05b1dfb035cc96e68ed25e
file,10003d9b00014d26b4ae80aa576e93b73af82aafed75b48b0d037681d729d22e
file,1013f09c959bb880a54d221f6acb40374e4fa315dcf56910117f8b06ffb58c45
file,101c6eb01f72f7d6327df9b4c6ed75b3ea21dc626d382889d382fc2f0679d60e
file,1028758d81311bf28fd1a39e9894a3b130c1266ef4daa07d94061457720675c8
file,1039e4b3b4ee2567152c25f15ea29037300d1d06c04a7bedf432fa0677fc4fbd
file,1077af3070db2dd236aba6f6263b75f61197ed20b92db481bafd4b99af179aca
file,10a37ec058a5efafbbbec5c4f43eaeb240d2985a04b8c7948d887efc5a66951e
file,10adf50a555c909e561b43fd95010ab583b7f5cfff2d4ad3053cea251c7d7dbd
file,10b806e4264785c2cb62b51119d265a717640a0a8ed23b609c611528643ab836
file,10ba5118e818b75d1bc055ce751dd4a24697336ca0269a03a7a3ef2b3b592fb8
file,10bff39f9f63fb26bd3cb9eef5add86fe1ba8007c0d03d7a09cebb8ea4c39358
file,10caf2db44f611afed17e020db0a189f9156b00768f5b758953bc9102bdb4ad9
file,1105d7a1bc41429b90fb69beac2552a9321716c1a878edabd63850f0c2667dba
file,114ac14cda14491c93577ed855107feba6e5744fee109665b5ddafe85c115e20
file,1167a88cefca0900d0ef3e4f3579d7577c9ffc1c2cedfd723cf8ef2d5bbbfd2a
file,11689eb77d03557754ac3317f4caca54b4322e5358d9ec0472ede886a3907e8a
file,1175e2d8cb675f0bc3129bed0353f3f72a563b1aad3bc09345efbd034f4475df
file,1205c15ae95fefb9d98e9b37ed202c2ae332df0624b66b301da647fee530210d
file,12311b450020e0117c9c16081f9f6ac07431d219c28997c3f701dc3e3dcae6a3
file,1245854f0686a0663eff68e9bde4150e0c60ad3401d4df1dd76fbf8aa3ab645d
file,12492f391da1529664e617aae1422057896a921cce2ff4191b217041188b1056
file,1265c9feb2661ff66f75d4696eade4397f9a8871b82ed6714f79003db769a850
file,12759e9d5253dee3c26eef38bc05b89d4483f2d8a0f41ea190780c6bd3f022f4
file,1283a52fbe103f5345ef1c82bf4a39ef5adcf5713a6f75f0b89533782690edf7
file,12a59836caf3045f90ec59969c3018a64f25e4d073cddc129d14acef0f48626c
file,12c5a078eed90ddf7a59733886fcb84dd4f97039f91067517b50cb6f05d5a1a4
file,12dc49bd1b818136d0ec9a8e1a40b6a58eff07e20563c2597d9f565e5ece397f
file,12de57ca072ff9b2d80cd7700d8a7e45a6e0f4ef43ba0b2811702cfacef12574
file,130d67cb38296eb99e5ed3b49a54238828f86e3125183ec951a9b5dce11965d0
file,1319d7501351f1023273cda386fbde4dea62cb7de9b3a2a5b38f5e7f51407191
file,133ffd208590757b718612dcae6f0628cbd20c703cf6069d0a28e3995f41ed18
file,1340c7ce4068c4a7ed7eaee964700f7ed0457ec64d4fafb57f2f714a130b473f
file,1372d7411ebfb066da073449623962ac757d01707c59e96e50d2c7ae267024f0
file,13730425a2992b85d31fd2a9bcccc3cdc86bc3815372bbb0f4157d9299a4517a
file,1381ba7561350dffd366a1ab6b2b02db63779899c3d4074a8e4831eb7a3adab0
file,139f1b582f613aeee27f8914c6ddd98ea1d87650f6607ae3260c6471026d9efc
file,13a1e281b069c62f5812b9625b145d0c5a180169ab2f66f17e5a1cb093e3b336
file,13bb6a0073b4bd6cb9c355fcd1bf51442f29b58a8e41ef772c6694ac8c141778
file,13cd9f28ccd0b3b36741848151c393d0c91cde5e168eb2e59f8ee1851c053201
file,142f5881fe20b2489231c8f0b3f779f008f8b41094e9fc5952b1592b87ff2588
file,1438ba64bfbfb7b69851571c971c30429570d3e9d60eae4be1d576b52eb47a47
file,1444cede0f59c813f334c14f2726b9b72e8735696b1e984162a8e94b61e65a62
file,1453e91405a8f2a24fb03385bfcad140
file,146b45d606cccbf82d719c65e1f37a7f9a2d4528e3e246949eb5c6c2e3108729
file,1473c2af87a1754f68961654cb104fbcc83c9dc0cab745972d4eea6fa7b8513e
file,14821f7a0e8c0d7d87f74326c7b3c2f2ecfb846eae2fee8cdbf31afbb4218de4
file,14b0e9ee9a1931c8787d3492db029667c1cc246c64af69a2d231da00653d281a
file,14bac22bd2d0164be5822776fa928d62256c2492987bb86651900c321021e304
file,14db6b1409fe75fa963a3cef38586b15e2c076da3037dec1ecf77d185e5139b5
file,14f12ce7401d5053a66773e6700addad23fc1d4e64bddabbc445ab198e477647
file,15336112d597031037bffa58ca0e3b2e2d3a2fe1706d4580081a10bbd4ecf0a9
file,1547b0b76d0f6a225ae092bf8e0246b467e92643cb75b0bf35fb67d93efd51bc
file,154e729a118a94bc3d0706190801446db0109cad3217ed8cafec78702f72c157
file,159137652ce6934409dbe0aecc2be2b8c43a2715fca30259f010f66e8ae16210
file,15aaadf6fed5c71841d69d48d3fb5553c62207970d0b4fe6932b42a7aa2ac0f7
file,15e52cf0dd82ab3384fa46ceff67e6d51ca797a708a462259bb4cfbad2460eca
file,15e773e8af77125ce1b55a9de125413157fabe4de33ef57e1a71d0d68d93fbe6
file,15e80b560d6352e174f057332cb68488606a5730491ea137b28e7bf2a8f36442
file,1609e8b7a3a241720c2972771f848aaffc7ca107fc6cda77703e07e7fdb83b73
file,163456f20541e682c2eca27394fc4a3c48ec9c16f05870ff9695a4b70ef74761
file,163aae98037772eb86784ee329f5d3c9f4ab60135044b9ead48031b131786895
file,164255283eeb9b38d4be91e9216b2f09a103f9cc91fa108aec1d0d350ca6b053
file,1670ab0bc61048219f70801bd5d7dd80b0167c1f956a180d9c7ac2cb3b2461ad
file,168b1d2129eba90c7989b14e5f6d97559bab30fe89a3056021f8d02ca4d916ee
file,1691256f75e8242c0c4f40b0dadd735d95c53f7ee900b8629f81e2a82c62d5a5
file,1694e2d509a067b36ba496c5596af828edbe81bd7c5251ff3b8122486dc78fd5
file,169ac46bdf12ce99c2ffa48bb92a3bf800c59d287f21e1dcc64b700b80e9d672
file,169bade87dbb2e30e92e126561c47b7ab9b1418c789edeb28d039f1ae1dac165
file,16a97f0a1a7a8a5f463522eac964c2b783f0c7620ae3212333b1f9a5efc7c96f
file,16fe20ecb5af584fe0e4baf89426f308defa670ab6ee03ce841c82b4398eeac2
file,16ff77546addcdad51af83bedf0500e3997215c0330557f80739f5124a48713d
file,17266d548145371e1fe06ff846fe1ac3a46926e4202a3f5efbdeb73adc91d976
file,174824e8237a4103c1040af42714e6c9da30a3b67228ed5c3fd4a0ccf3a7fdfb
file,1756cffd4222fea8daa91e78d8769d5dfad409237207512410bea5cd4fe74558
file,1784511653ac052d91fb9d286625b3525536c6bd70c4b5df32853489c1befafd
file,17874d042ca52b918e577180116a6ba514ac9b28f78b93390c15667bfbd907b7
file,179649325e561f83a53c5cba99cd8f1f589064c8d0f2029fb8e06f61ae986787
file,17ac383617511681c2d91310767ede84f5ca970761cf0cbbd3a4f81bd3c1af55
file,17ff6f8a16188cc73267aec8465e3cb3ba04268097491d4cd178dd37c6d9a4b9
file,18190bc66c78124b88930efa75ce8b64845e225dda97d98b15870ec73765fa45
file,181f8d0a0fea46d2487975e08a27931f9266c04d35cfd29a9ff3f1f68d0a991e
file,1827b4de4fdbceeec87927e63cc62f355fb82a6992db04bae57d655bf1d5132e
file,18442229e86be0803345decd123943e28d522e586bd43844e6e8b9f91053587e
file,185d198248cc57b650bea36c691c95e7
file,185e2336e4a481507dd155dc5dfe7eafc268c217e7073293dd72a3e251e1ae4b
file,1865acf09c474fda853bd7d816584c8427bbfa5d473947d1a773f2b73056b306
file,1867dd67da6711f691c9846b5cff878ecb1fcf4b2384558e22f5449184f266b5
file,187699200f24fe0885e8a151371196eab0b3275e16c6e24534a95f6da84b1296
file,18bcfc151e790026f17189a06e8b02bdcb086164f8e88c785e7b11405cc566fb
file,18bf6e63adb992c9e2c0f33466ab6cb6bb07207eb1311b5b38b659c48f94c488
file,18d82737d99d0d4ded0281ceb2582fff9c4ee517e224b47bac536321853cf0fe
file,18e816bd7e6faac64a412f33031e34d1e1c8be641d1db4f41cd7af382fce3431
file,1923ff23a177973a5d2e868d49dbb94b8f6f797d347bf42655734c6169f4c04f
file,1924c309f253bae40986bca4fc5a79e503f87b5ec083398eab5a7dd15f53874c
file,19272d5a93272463f405b90667f7a71b15e45a0ab8f2ff3066708ba84e8cd4ae
file,19446ad08ef811aa1e1d053a4728c9b51c55839c42b1cbfa6c94a66e7f1fcc41
file,195696bdaab00f3ab12f8b0e2cb7a0051c03b35948936fdaf6852f670eb3fb87
file,1974cb226fb1e309991fcb960e0300400cda1ec538934a5dd58b0a21c8caa614
file,19997b6c2fd768b7c6a158070c82facce4453e714912284e50f11c8dcb3dd356
file,199a58f3f98a42eef8173a0c5ccf9d535033953a1cdbc330fd7e9b7338ebf0fd
file,199f7b76aea834cef62326a28d308b409283995fbbb14255f0d0b5095ba3acff
file,19a587311f3b8ad3350ac34d3b447c113c08af2b96a891ae80eafdf9ba917858
file,19a6a588083633421ed63b0f889a6adfc7496bb4b02a23f9044678b1537df4b1
file,19ae1bc47f787a73ce7441179998e4b3b5fb2b627eb8abce66ef2cb2aaed6e4d
file,19b4682054ef64045fbab452b18ade9e55da70fe53672e1db5b0ce8193e0e0d1
file,19b77c8eb1ecc4f7e1937dcb4c4374179825e190f6c9a3a42995c7c5192b4d11
file,19bf92ede148d3bb07ed38d5c8a8d07c1d30ac5607d24a7f417684070c10c235
file,19f6c3c2a3ef47c00d7ed7b6fdbcad3d4697755f747daf56384adf39ade0b8af
file,1a557e6703ce369d3b921ffbce3b915c0854abefaa59accd34ed5959e7c97f75
file,1a7ddd2247df95cd96df8cde4891bd49aae71cc43f0b43db3c0f6f425e1b3dd6
file,1a8be666777acf853c9f8094accb175367286415da4ed34548cfb7d7b4ecc19e
file,1a901de530dc74eb3f5309f8507d708f6b9191ed1f9e2d8fd51d77517c1c7295
file,1a942c6865729ed579d50ac76db381cde7540263ff69a9d55490456a8a0fbd42
file,1a9468990d005cde5b061b6405f9a859983d41a9effbab68a8763c089a969d87
file,1abb2341e29239b532dd0b7eb45f132c79424a47b59cddf96cff653bdf685469
file,1ad8a48eaa8d563802affee002780fce975d0b545106cde96959c06e7652851b
file,1b0ea6c0ee35b5e1ee479417bcca36bc81a13d03b7199c63295cf8083dfb65a6
file,1b184c538ab948daeb91c6aef6c6a2d73078b61f07c271bc69a4f8b6af1ef6d6
file,1b4471c82632a9f6ae7e8507a7c381e31b8c8431376a627209e2af81fe13d2e5
file,1b4f869d662e4a6c96c415395e7702ea2b0343efc9eff1e40e25bc1f52b4efd5
file,1b58d250e158d93016f3ecca6951a7cc
file,1b5d23e79b8a2c7ec5533b09ee34fc523a5eaddb994ee1d37e2f92a32c1be4d5
file,1b917c17cf25c06d54bb50ab8baa660d1e86b324647a057d29dc0c98f85f0dc4
file,1b9c07d2c797f67ae50065a8dc8343a588b229b87c4671983b4230ba468e17d8
file,1ba7779f8ea5c68240931e5ff7bc8828149d7010152891b2cb98c0500c990302
file,1bb4dd4b7313a3959948769df40bb9d0f308c22eefe4d2880808d1200599b966
file,1bbd944e2b478dbf887f43a05a8c6b3f3dff5c89d2f65b53a0fb1ee93504c3b2
file,1bdd3739c126567c21329309da934d8d46a86270c06ec566563b396d56118e1d
file,1bf8ace9dd0a6d2f8bf56ead572daefca9b0cc1f8f34ea31013209895a45e5c2
file,1bff98695a65a3a16c5cd1b6b580fde95a9ab28c94842535407cb6fda06fb867
file,1c1232c2055ba6f3c6cca36b3b9a0ed5e18e2cef358def73b6117d8b25ea4572
file,1c3561efebff589b6868b992a2e3fc3ae24e2578e7e2f290cb0c54e5da4e33d7
file,1c5ce31155dbb9bd7bfaf639e06c7e3d65262773f4228de2bcc0c27dd99b33b2
file,1c63e3ced37b68a8654b288dffa2cffcc5cddaaf9f60b1d39fb0eb620e6ee27f
file,1c828de536d25bb7eee18f881f932edd78e631650d8d0d579625894c412ae7b5
file,1cbcf6adb5b8bb7d90c8cc59117aa7092fa3e0a76dcecb8fea69a1cb3df7454c
file,1cf94f3a5941709a35527aaf5f1d731e4fcfecd9ad578e59a1439517b3215da1
file,1d02c155042e4d6d09802d42c64359d9a23c05c0c3fcc805f5cf32a573e3c03d
file,1d329a9877ebdb7830d619b72e1cd990e5f7656612d2d9d198a7db8a34faabcb
file,1d49750486fb5c72751a5afc9116e6f61338decf7380680bcea7803fcadac4fa
file,1d4d7c1afdb5e830b264b293b477c0a74768b4b9e8291d6e671d943c565f2409
file,1d532e5b31ea590fa45f778de590441bdcde5fec3fd17d5da7aba799ac9c3b37
file,1d7c3bd8544989bb07192195e7f5e4f3a9ecee80e1495a849d19962a168a1618
file,1d7eafcd3099f21c44d435a260e97f90f0212519c7652f79fd2a534a09fc61a8
file,1da64eadad3902d7eb0d7af5623ec53ebeedfc88471938cf1c7746be9ad018af
file,1dafb16bae9891fe133d7f2e905d8d724807bc6046f54e9e0d1a786b3a16baec
file,1db0f1bf4aab0ee06db7d23f120f278d9c1610c14e7eb4f90b22c04b507e87c9
file,1dc9c1d8ab4ccd3199822444faa41180006ba06815b4b4556b5a196a7080f608
file,1de6431a693b53b633c54684dcd7928f99ad8ca4cb16f49ce1b3b8f8323832c2
file,1e17016b9d03332a4060d55a873041154d9687523f89b257e008f85669e76e57
file,1e195a13050a5bb474486046159bbb6e6c435b08882aab987eb7f568924050fa
file,1e57c0f7fd47d14a5f93603de1ca84c4d05a0babc2a1ec5273caf6b1902b858f
file,1e6b169eb7ca012a8d5c7054ed6bb5f16a4fe105d275b0c7cb95811f548b0771
file,1e84586ee13d61fb22af96e1ac61dc8d43a3c26198a8aa0849739723d2618a66
file,1e901dfcbc2e79fb4f68f50f925da1b9c87d0e7f250c7294e12d6611f5919b58
file,1e90f22e4e5a841986865191a310f40742179acd5520b604ee128b71c518bf48
file,1e9d8934f424ce37c542be66824924b8c664b102a0c79a403004f256fd51d725
file,1ed15d7ed3f2fc3e8ebcae4e67252c026805771a5786f8177de54e7f8c28bc5f
file,1ee93207536007026c213d219a851a357c6b9fc95f9ff1c168397bcd2302d599
file,1efd7097a23aa11c37b8888dfdb4499e43a28e6b85c85cc6df7504ee09c5495d
file,1f03ce07c9738309b09364dca2308e9b39d533a73072d5b3943b1ab49a646d05
file,1f5fc1579796dce7692aa827aab1dab7e67ce3f1388bd6319915eaf720bfd7a1
file,1f60f8a805671b18c30ad26852979b68dc897e7aa18adcb07c36ec30dd045e52
file,1f89c5d22bf680b455b10b6284e9c7557adafe6dc827c02b48906185b98afd58
file,1fcc31199f4a922edd6e4e8e3360573d35864c8fae1fe65978e174de5b698dea
file,1fcdbb7c44989bdc7c226f7cbc5347e374bff348b0aacdf1f533aa0f66509a45
file,1fe7f5a7a85ef0e0b5c10313e6aeee5f5ade8b5966ee4629a2be1f18d090b38a
file,1fef7562aaf83984d6657afdeacb1ea72d9ec0258727d8af45430fcddce7c701
file,1ff3b8905a93341e76c386b2365ae09bb575ed513f2d34ca2bf4a00de0f0aad3
file,2011012c75b4e833e38a1f87671be06c53462badba0267be19e54302f5cdb9b1
file,2012aaba83ef1404f34279d9f871393075bd9db46af774a3bbb70b7666e7b5ca
file,2043b7fd74dd5325d8196580df04a099aa6060f2c39db9019ddbd7ccbe0b006d
file,20444b50a44ec750feded93e647bf1d3afb59db6e15662a2b2b3d80be5834447
file,206f42457e2d62a1477a4b136685b0661e812866d03d7976376f58ea6cf64b42
file,208eae163aa3f71edf9c3868f6650f75da71bbeccc179fb324cb8539bb7416b3
file,20969bec03dc40390846880b5b478385bc40a83d2ee1076ead7dbe05a18bb917
file,209bf10cdb445c1647d24917f0f7fad1801b8a2ddcafb298d231b3189a398cd0
file,20b8c5ee681115f22ea11bfb412c1c0865641b9805376a3943e89f3449a322f3
file,20e63646a7dd55c35b17af2514485c7e70a223a117d137adf3e647b1a044ef2d
file,213b2a2595ce1eb8bc91d136210fe5ff7a1230845eac9f39be6e71f0210cdc1f
file,214836d6d48c02ce3779d8fb54bc42a8f39c81d2d8dec83224e38133d800e95e
file,2153fba50d12a891593905e8734b0ba2421e7bb3081a455bf96e33219817dad2
file,2156026512af934b50a9f090a162ec909124dee74a36fdb0229cfe8ea1919ea5
file,216a87b4c0a1d3228ecc19c12f95e6e3429fbcf5d7c7d61dd890b780630e68e0
file,219da00f44eeb941e85d4a7fe8b9933bf3a6e95b18e472e8cb8af14262a207e7
file,219f3a297fe66e24411f1deba5a4af5edda0ee70368f14116720076124f3a8cb
file,21df3450742709214c8f330f87956d5e871816eb9cdbcf503c49786651c4d6b8
file,21e5a3983b80ae3865bdb8a2abb0950a93f9285ee44d5a51fb98a5c9347cd598
file,220182e15dcfb17df7f11bd427b6158e158018c162ce9da551b83e2e3b787f80
file,220b82bdb7bb8fb762da2930a87c89cb72727cc3edd5115f1b525af3a156b7fe
file,220fb61d71bdd88a0a355f59f127258708b1e42582a43866472569999aef826a
file,2217c6d51886c38905818ed541576afa2f1dffe9b5594f0cd73c5ceb214f031d
file,22513620398d71b59ad9098f75fb9ed449c877bbae632fb167563ca64efd0f87
file,22534816a5b8dc5dd723ff3d63ed74ff43975d0c0b7a15d59f7c40cc6d76362f
file,22ceeb8d945f2152e19581f559b47d942b9c3563f7ba4899db8a5ac5bb7dc276
file,22eab4c520cf0d1b5e3bec6be3632281142ec92d92c708b7ef7c2ad157692915
file,232f2070b40ea7c6c4e7e524448900e748540a9f323ea92d539df280ae5fef79
file,232ffb385f7c9a3d41e5a73685ca990401fd31c0b3f8e6cb763ddb1ae8799959
file,23324607a8f8111ba20b7ee7b21da07052707ae351960c2afa21d355c9144b19
file,235fe26973daee80b66a82c25456ca921bcc4befeeff317c417ac8ef7dd06eec
file,2385259feb62deefbfb265f13386bfe90fdd66c1b8b4ddb2a1b88fc8e11919bd
file,238f4644ee51e1b5452aa80a901eca5dbd075f57348f7eec0267d12bc9385630
file,239b438a97c69778851be9e687e88cd4843aebc3e9e5fb1370514ce4c566af1d
file,239b71c6f03042614d3b8bfb7aa78dae80e4ccd025f1a27da1fa40f2daf3eaad
file,23df059eafc51f8966d97dd445b158e7f265d06d49c2393ed4b2a3985b3f2ca0
file,241a8869b3d62a234722da7bf381ece828ec2d74e55145efe6a35dc6afd5798a
file,241bae65439f912b6285d92f361003ecf704ef4202fef9e96604ac9755150fb4
file,2425acb1e1528a19e5855e97a843d4e09c2c1862dde72bca09e0f2985c6dc2d9
file,242d7eb297977345bf579aa734947f851e21a7c4547f078e81c0606a297df502
file,242dd07e52f1727d6c20a2dfbd7191eac4334b056513c718fab65ff6f2d06d76
file,2459967d2350f2d1679fa6d33048608f28783f68d941ab108167e8d9a93ccd3d
file,2475865b1e0261e218a9bb08dbe33ee75e9aa1be73b3dd877e9ad0e1c311dfa8
file,247f6e76bc4ecf62e34d929c0ab37c30530b78c52a742743f74204fa7f80265e
file,24890a054aa9fa7184984f2a867077adee7e3e2b366e18c4c17bf803874a26b4
file,24ac9adbce940d6579deb05aaf4f37eafb018e15c6b64f20b033c23c42a6eb34
file,24d2336a7fcfb910bfed3a0a923075e8db373d03507167718ae6e26a40b9c37b
file,2500d3c0791f44b5b2d19a52c054205ddd03ce1048b7b90d858669b2140f2f83
file,252ccdf62eb74bebb006d989b4af0a3b2edb992317f9df584d60bc5f765839a2
file,2551ee7ecef46324e5d148e00e7b349a4f6356619481c8d7414096306eca379f
file,2557090ad111c1edd9ef6ec00280d3d963e2623ad36673be5763bd91c47f3583
file,2561f124efc80402e2279e7fa35e7dc74710e812946babda75baf9131703f0d8
file,257a0fe5c63457581d8445103ee781dd5ff2a8b1b32f79943454f7002e019110
file,259f5f9b98e5801b478a96f434f735b27430c31f75ac357101bdd7c6c88a224c
file,25cefa916e7554f7ee10b4486b8bd3105920b00b31439db11f5c635f91fcb113
file,25e8d84d97e56cfa7af7eafeaf55a7caa370f8dbfd89d72d4fab32966a14cb4d
file,261b74b774a35c11e531c78896308959201f177cb27a7c4c015334a003f71518
file,263c07cbd42e061415fdf86f242a1d4b091aa82efeed967198bf0f8e2b98bd08
file,269b887be354364129afc07fafc0c1bef045ea8b1a50183ea7177a542b708d6b
file,26cc67ee8a7aa64a66040924c5ad219658876e29f04982df370598d159a8b9ad
file,26cd2ae2a15e77e3c2fbab37a6f21b070a2b3f5cc5aa9239b4bc021a7336b2d4
file,26d0544162da295f0b8c413f26c514cbee72a6bcd1af08c796fe936b04cf0910
file,26db7f0da8304566bbd0e99aff6d22688b347d34b4bbff032b5b7216a4535f1d
file,26ee612a810e2f60b4ff3008d537e8a9e31b3934b855ec563f905646f30d9230
file,2701cd375bf09a4798a0ead9df94d3ff8a459c0e776728e8a920944eefee69fb
file,272d89286c2cf4964728149a2224662c3cf701d8e6510dc66c9e9adb96f970cc
file,27675b5edc7b71b244c8c28c6b36d63000308c0beb28e06d52b8c7d290f47f91
file,27a469e5d582f8e7f578ee9ce41b80449c74fcd2f70a1b1660e720a1d44e0e86
file,27b892c1168d3e0b20350da57c7135831fd403c3531fa90616b50e64dad970af
file,27daadc81c54ea08239deeca85d634a549374b85b7e6b1f4f7cd13493af04888
file,27ff5a40957a599d8ba5f47f632dbb5add3077f82d217c3a5fa0ce7564d793c3
file,2815b696481bd1e0d8e59beb0566bf9930d333867898eb1e183a1bb757669d77
file,286463d502094cee213a1f640348ae9500b315a8d9e5e5d866f3d3bde24b06ab
file,28c2461351c4bd25b69e1f51d24cc1b09ffcecca5feefd2197dc572b1bae7456
file,2959d51669bd6e057ef6bcc933d00853dfe6dd0ed36a2f607fbb6269291b4fe3
file,295e5e3098d47e0cd380f08842363fe1b419f8e26c91228992ba4d4b7286c34e
file,297c45a5554f204d707242a71a777456fd4bec496041ff4adef9bcfa9afcb534
file,297ea905671f1ac4260ca6c7a0bc2f14559922a05b596351a39e664c7d4a4b5a
file,29abc878321e6a3bf04280dc0add21cd2850d4144e1f27891c424fb4a8bcc688
file,29bb9454b7cbb86e061b012d9bdc6ed6759811cae8f1ea2f4ac8ffddbbbaaedc
file,29f18b11f587dd925bf762a6940a2f633cd979d24d54a503bd389cb76119f33e
file,2a0cc0ff88c3c2b081c6e3426007796f2ffb9eef4aaf3f5a86ecf4ecfab7f842
file,2a370f0b1b44ffdfd5105d8de5cdb127afee410219b503b0620c23343a163ad2
file,2ab5d501450f133411b9ccb07ed25897ff6001748d2ee877662d429576078b29
file,2af09d88ab3963f642fc0526dc3c6a914b883197a5512f1e0f27cf7f926c60fd
file,2af4ea45dd4470da2228add550f5ef2dcb4a8c4bc5808d15e6c09e4c7c140e10
file,2b0b0adac0dcb2b48d8d43fd2f5b6ac38ddc37aecce389883d0aac8b9f9e5f0f
file,2b0fcd6a7c77db66b5de0d147de04289161c520f4dbb158731cfce11d2239577
file,2b631038e66dfbdcaf19cab790392cfb69f1414bd5596080ddddb93b47a4fa07
file,2b7137f0cd6fdf36ba5e061513cdefa1784e608c3cdd02b88618f8f978a6ec4f
file,2b7c4266b57f9a4f21e6d3141c4caa32b64c897eb56dbbdeac6d56d08d442075
file,2bab4b18d8193104b4ad08f5a8482232abe21dab3df756be381c58a4909dc6f1
file,2bac97e041d224004b702ce070e3fb88c1c67efeeea7642260ad0da4c5de7261
file,2bad6266bb92dfb65118daa800722b4963c277a6afa373276a82629fa3e239bd
file,2bb107cf8943c7f0d705aa02680c38e0850ef5c249d74a0d69df87f0ac04939b
file,2be46db382574cfc2ea105586e3accb32a8c2cf9536d669ad5de1a733ffd1ec4
file,2be4a7561e1ac2526f4d488498e2b49b85c5843c692d2a5e227ab272186b67dd
file,2bff42cd022244bc6bc01a85ca7f6512c51977c1cca91dc1481cd94ffe363698
file,2c01dc4daf9b8f547f74bafa812d16747d08615f7c5f7471f00608a8a7fbe9b1
file,2c1978ce56ed2da7d2a437d07a0cade40638c2bc7f4364564a5756cf9ad67b2a
file,2c1f951f1c9e43f2c1d305e31b8bc430780bc4aee81fbe5418e571b46c5f38dc
file,2c1fe61a9b2fb13ef092943739e09b41c5035d3726448709c148a5bc627f5584
file,2c2455f3e9ef52dc1fa431aba45071fd9d464f45b1ed17bb1e97ac349ef0799a
file,2c3aa1dbd04c3c6028ee368780c3478264d3e97d846a805207b4ede97a79a450
file,2c493fa3abca3d30afe666ee62ef3be9c62255a78c3b345f0a213960b7183de9
file,2c55c8938129ad3e6d1ac9d9de72db842fa6ff824d4a825504767529e6cffe2f
file,2c58ee580588f3af770bfbe1f4b90e3f3abc1db0635b5db9df6dc396c7e7666e
file,2c7f40bc9f3755c9be1d9f4517f98b5b3b7fafc90bbe49f87398776b7e0564d5
file,2c97a0aec7bd7f754afa0f3f5ddc293e08541e1366a8aaee24b2ea95275932ac
file,2c9da071dc40b158cc46c9d1d3d88214d8bbeefc5b784823ca3386cec1aea811
file,2ca4a0ee04a706eab13b45953a76d58ee8d4f5294b9d0b567ab3ed1662401f92
file,2ccbb5e9e9ba8147151a434659bc0b65571b5dd20e9c5f02af3e8813bae97280
file,2ce8fae0420231c8a3f97207db177cd345ab351ad6d32220b69318992e87604f
file,2d1208ef9bcbea6d7a61516ed79ef91b3703198a6d5c4965c6e8937c59a5cfa8
file,2d140d689340ad3c89f8871fe6b9175d1b6087b11f28f527e976130c71ea4f6c
file,2d31f39a62dbceeb6d70d7dc61e82a7e112877b9dabc792e7bafed48817d8a56
file,2d7afb2942f44ff5729fa9db8241c39cc4f4052c99a1f1e280dc72865f84e674
file,2d7b5138fe37bba9002976f956ca8dde23634c764eaa1ea282c5971797d92ecf
file,2da799769c50952418fe6663378ca7e06dd3965ee39ac8accec25eca85b72ec5
file,2de1fce9b77f972d8d3fc29e28770c80ffbd413157bb6faf89c26874cfcab5a5
file,2dec5777ae19ae982f9a6b01eb32e6a82269f0410449093c6a01c18a5574793f
file,2e01f0e1811ede436f545038a2d63b62ea70364cdf8399b634b6822d610aecbb
file,2e0967f557dedab33097225e8cac181b368c1464c74c3a78d76436cccc80017e
file,2e27c2240272751c7400709b838320deb663c4a6
file,2e2cd46714bffe8cd59111afd09febacb53c2668adec5ab1ff6913317338c962
file,2e7a37a1e75aa4abeef62334f0205ce5dc70ec9e170dea5db29169944736be48
file,2e8920c85c0c8260256a74cfc80e2fdc1e15f443c7b9ba72a5e1ddf0dedaee75
file,2eb5ac7a90742d48e10d83c305edb48b1b1c79f353d3e4de0574ca77e2464002
file,2ed835bbb2ee12d40f2c3cb647f02e017189436b5d04ed20bf9be2875136e715
file,2f27999bebf5c5bf006a65fcc05db4d7f43d81599d3c7d92ddbf98f91afff048
file,2f38a64dc85f4a0795e215f8f2ae63f925433bb5c8e891b6bf55106be57171b7
file,2f3cf36ab0968719d29ee0543b621bd5a86c057d77694ebdf3c96fa28d437016
file,2f53492990000cf686ad5e4045e844ad30f60c67a04a7d17b2e67084407a3634
file,2f55caa3ee0008c227962f0f1838614143addea55cd10cb5d7b89b716e8203a6
file,2f5b2a0a397ee41edd41c02315deefd585da7531b7d58d6f76663817da2d51fa
file,2f86d4fa6a7b8a3ae8750ce25933d804860f940a2eca82867b26e7e873b770c5
file,2f9aadf04977d5ec167ab8634c7d5c53c115880d1b8084b199c353148025864d
file,2f9b4dc25ec93ce3a5da41c70d0b17f0dd7b33435cbe14c53ba74eca761ce2b4
file,2fb2a3ff68835796857c243e03c13797c1f357721ab34bab03b5012665a8dbc3
file,2fd6501db2ce09bcdb6cd43543506eaae8bc90f4298348288af680ba3821de6c
file,2ffbb3f6f725270ece80a1bc35d80a6353dd0b9e5aa96f83aebd2b4cf4b24832
file,309b241c4d28615f84627599e7735171d51459a3b16aa430fff229cefa1b3796
file,30c2d76bfa35c9469a6847fad94db13bb58c34027163c70392b47f71c6313970
file,3128a3d06ea04a6d945cc7d85cd8c6b8b41c3b6d0f66a2cf62d3b095c2e86cfe
file,31515ee47dcc45d9eb5c25402345012978f10ae52aae3d722c12135b3a84bbac
file,3156e51cd589b517f3ab0abd460b6d63ed526a8018d5f107fb2be4c1facb782a
file,315f3e6097b1aee92307f330d5441f71bdbac2f2924aa7df478682df7d04f5b9
file,3190590c2bed8096219122717c1d695beaac8646a6cc63448edff6472f409cab
file,319490295ae9d2ab3358961b52503c335c00730e3a214670765e513ff82f5fdc
file,31a73ea8364a87805730767d1ed68e2a00c0e0c1923a714a8c6f2f7e9bf46c64
file,31dc62fe8c67bcf7de78a3c112142d6bd3cf9b5618763724c3517d538ba3ec85
file,31e1458e5543c008d9724d331d89fe697e510ff479c3ab874b5f8f8dc7b28724
file,31e24fab50bc04ba3552b5e67e705c93ad48d140ca3cb5b8b874e2849560e2c5
file,320a44f5a5210e38f04ed973ad56be524cf5221fbf4e3c2e94d69673695339e0
file,321608ded01521a880ba1eadac37566ceddbb613695a29f53628ecd44bdced52
file,322756e7bb2849dcf123a55388db96889422fefe17929dd2c177005cd589989d
file,324efd2ed646c8d85ef7ed2b822af93fcb761bd1d53ce9b6409433e48002aa22
file,3261f17d311ca4a56a36a62f01f1a3022d0020748f42e7c9844e1becf90dc3d8
file,3264d53e1de58a94119503d5be4b5cd0689ee8186a0d1c7c2ad05baf0c2609b5
file,327a597d5a9ecc71e47557d698b69d4fcb578c3f791aaa49f5047f2d3cba4e44
file,3283573d6f96d20e857c0af4be813bfea26ae8bd1823df3782566fd73892e3ea
file,32866fae6c5dd6f1843c684c36c6deb8f942afe66ba081c2eb86da997f7db25f
file,32eb3a192237067119267ecb032e4bf0ba5eab0a1a72c0083a676b0bcf72551e
file,334325626f8d2f3aa25c91bcee08ce24e0619ea9e42459fb20d76202478da17a
file,335391bb751af12148e6edc117184da74fd1aee8c5873a8366b670cfd4ebc518
file,3366934fd27fb24f71b0785f360d15c44ce18225d69e0b944d2a743b247b862d
file,3378fcf33ed2ffc122ab175547a23ab1edcc7e3c85b0df4eafd97efcdc9cf8a3
file,338a20265a1a9e5090167e88f93267effac8b5fc6846f30b78252af1c9f54afd
file,338e06c0360100cc411fdb3157b1d1075a7ac57b45f21d8083da8cb4ad7af49c
file,33953fa553b80b08cf43289bbfc9802a01469dbdc960adf014f1e30ef813854c
file,33a07e21f9e5ece4b95ba6c9ba3698f90cb62045a09bde0ad1f4188044ce17bd
file,33a096997eef79cb58caa36bde06df6df04d790873cc098468b3fb1d682f26cb
file,33a6d5ffcca32e81e27943c4b670be378e7399245fbf85231fac64d2fce43676
file,33ba10849e4ed991c1d4a0ff001e96fbcaa90f2bf0988ad924acb0723bb2a696
file,33d173986b50ac7fa946d3ab432e48979f18f3be5e80e5f2ade9a6c2778c8254
file,33d9b81ac1a9b17116c4ffe70912ee530bc2642edee76c7ae32f4b2b00e15322
file,3408810d1892224bf70eb593530ef4c3e114af14768de0e52de93cc55d84fa5f
file,340cdf74c1804b4026b3df2f0a55eee6c0b79bc804edf4a846e8e194732e9fc3
file,340e9dbc6204ad8e1f0d111fb6261dc06985ee89e2a92cfdffc945a0e7210528
file,341dc2618fcf56874baedfbec7abef2e455d4c2ccbb7d04533b08531054fb3dc
file,344f39a89f8f88cc915618e1c6a9dcc478e401cbb7fef5d0f930335ed7a3b7dd
file,344f555bafa13235c6275766214887a9b7d77f0639d5b79df2020ad81383fe81
file,34502c0676c6f6cdeea4300b7ab83cc5366f33ae674ee58cd45e80e9d1dbdc08
file,346e7240003e2ba46639dada0a8c7125f79502d71f7f6699d05e630e40561fd2
file,3490865db93111a0031c61e112eb12e54e8cc9a2ad7249874fba763fc2c13f7c
file,34c748ea2ad85363bf38a50a0d8cd6933156373e96c282da49d64366de1e4837
file,34d080e7444ba78c2c6494c62e5c68bc04db2988d03a8a6a0e78db1591fca7cf
file,34e9c1641f8c700e0a56869d52592061435ae9b39265cd2b5285be1d4188c66a
file,352f2f383c661ab6e59a33e6d9ebad3783b3ae684f06c842d0438367f4f3faec
file,3531ad4ec5295738de8e2bff0e4ccc0fb60d666d28924ae97c56f350374710eb
file,35434817d12553b4fdcd36c49f600a0b471c76514f9d12f516b2e4588cd53189
file,355fe3f4d4b4f95f67119673eb2efc51ac6d7da2c394e946663e4797f1cd1955
file,35706e6913d750d2a1d1b11b6a5c919a0a1b55fbe88438d7df42553b09d82c35
file,357b3f8130bc8a26e72646a3bd40d7c4
file,357dc59d4b52c05601f6c7bb04a596fdcc2acd4b01734b892f3daba7755f5223
file,35a6f9342a6056e55acb1f7d51ba7e3ae925787201c9ebc3ba9bb455e7327153
file,35a71f1b94fefbc9f1675ea9978af1e1f4faf747351f5f790ed762010103e90c
file,35d99e7ee0a2783a393465ee74f497829878c0cfd494cfa9db038aa3f3c89091
file,35da6f972a9273966c0aa7815a0f997a0421f79c2c8bf9979cb528aed3818bcb
file,35f109d6c67a0f2fcc7b32cccf754079e682a423f44bdc1019094637080202e9
file,360b3b494ff2f9bc90bbea100d6eb5e02a160ce5f3317ebfda2af12bdf86958c
file,362c56069c968f992fe1d0118f5c076ffbc76f9f117e35c516035636abe844d7
file,363f711e611b3870d7bc5b3bf6477f32a0e78ffe3fbc5a420e02055e50071485
file,3640f3a10a3e451572ccca657715bb5725c1ac62357889950d052c6d7175f749
file,36648af99a4aecebae46379de71ad79bd5b1172955d674c2d58d81bf6be03167
file,366dca94660fba46b7e94caa2a79ae7f7865502a231bbebcab5026d939c61796
file,36804bebfa40026acbae041f507eade8a29473a4ede97e16a3deda1a9947c709
file,36809bcc829681dea46709c39912a653e838c543a58cdefbb006017b1df09e8c
file,36a32a255f64aca7665f2fdfcb389354b3415809ee1b51e56b1c9bd7f58782db
file,36bed127ff6e554a6ed83d82f1d9930e094943ca2aca070fa95c2151e4650e42
file,36c353c920b8054f1652945c1dca4a76a893892390b0ef235f22e518589e8c6a
file,36cbbac39a0d28a21d4b8727c93354c04a98b280d40530986f18fa0c9866b0ab
file,36d834cacb4000e95629c1e088b7f001578b4d5b8046190d1fdd2f7bf88a5c02
file,36e19d7804673c5bfd57f493e18e4a4ef48ece7c9d7a4cd2e8d3d7ef60591ed7
file,37039734722887d3e0608288bb7a62ddc24545b092d49e1d9413fdb060a48c15
file,371d42a20eae8f660faa2b139371ee9ff03dbd23d65c2814cb7d9f9a2929258b
file,3727131e9796b498ab57dc6377dc9bfa49f98e912108a9f910dbfbb02abf6eed
file,373d61bc3c38a623640d1a7668595f36c7c3c16fbb38fbc7b6a74220c3671e83
file,374b880a64e98f8006c453ff2b8515cf0d221008fc5014de98f4c5a3c2018b5f
file,3799cc9965d59d786b69bca95b9e8afdfeab036723a6fa1fa72d758ab34cd31c
file,37bf5d6827e44f71ea8c81ceda758b19
file,37f0da8ebe6ef869b979da6fca09989282809f6ea0995c13af2474a96d4ca461
file,38103a356a43a1af4dc06179a11477b2db2901bdfd7c276423c80efcf46f5c52
file,381916d6fb7edc9c8173fe16c87eed4c133c5ee9eaaa721f3d69eb3db044c06f
file,381b95f8ebc05dcc4d793ab22e6ca18ac233ffe6b5e88b233b7ad9c12caa9f52
file,382444b0edd6e8fd8304f12cb1a488edec1d3dea2cb4cb5d537155403dc061fc
file,38508a87d5c004e27b7f75e05d734648de7b54b256f5f59ec2c67eb83f6e9a7a
file,38596a98f114fe3fa83e31f11f222237171c20cdef8773e3574cb2ca93c9d733
file,386cd47f4060dc5fb5186c8257f778653e2ce2c9b42edcc44f0b5d27953b3d0a
file,3870c976243c61033e29df23059daa20aea2123390426d82fc9d2c142674e09f
file,387a15d934f3d8ab59ccc75fe33c0a325b8f96b8c8e783c5f7272225413c0893
file,387f11269740bf0fd7cb067b2528813c678e163752a6632ed2145ebb478a7bca
file,388caecaf210535bf8d0d88dc22636e7367018cddfcef5b675a901c491782401
file,38aa9e1abfb25bb679241817420e9215b094020bc942cda4ab6f84d67655f6bc
file,38bf240eaa89c43f4aebcfbcef9b12669417c9b9a9aa60fb5cf4a916e2889bff
file,38c9b222b97ffc5abdcf2135eb9fdfa086cbd3e38e1b231939bd161665adce14
file,38d58091f9cf6a928efeaf7cf26055662115ccb444e0a80b41723a0da4de74db
file,38d74317a342e068f01ea2efaabd590be071b69405d7aff3786b4f43d914784c
file,39020c51d77559b09e98057cb2c997e6af6b0d415462324333f0592d28ae640f
file,390bcf55f0cab9997f25b4848fe7672020e326cb62592719907799e21c688c2b
file,3918cdf8a306f82d575d0afa13943dcb26e5abe8793218d1ff9e9c4c7e28c929
file,3928600c47e30dc93220301e7ce603eaab6cd688
file,392c7278dcf8a5d1e8fb6f2d70a83c2ccd7abe75e328dbe2b85e88c131f8cfbb
file,3943f9e06cce59f42d82c56c292998465fc295fc3c9b0c5629093f2fba3db86c
file,397450d056c6b52356b2a8fb56d105649504024b1e88abe68157d640e2730395
file,39845bebdf488da2817c42f4a8d407235feee222ed62deaf02df542a8c1ecf2a
file,39a4e09b8e2cbea6ea95c84dd30b760d536e968a6aa95052229a8523374b1157
file,39b6907218f2e8ea7236b8f1f36fd50150750665b03aafaeff8e4673c43e11dc
file,39b97f12b3dc9311cb1edc10720c5628725e0852e52845a7c5757f341cb9584c
file,39c72e6d1808db77ef15e1f678dc3b1b5eb3ea2afa0d39dffb87d081ae5ad9b5
file,39d06fd1656814ef83e596223d5d370f1e8c72163e60cde432ac479e353e570e
file,39d34e0c48c4c77dc77dc492f29cf2e3498499483542896c1b78103d20177662
file,3a14f1f40314b88433f266e582d54bef2e9ae222733abe31ee6208212889f852
file,3acc7c1850b01bc10b6465715137f800c19c6dcb4643abdca6b7360ceac5ea12
file,3aec87a6ff7b93d296281c66bc0b486b5633b8b15dd3e3f9f1c10debb9c599eb
file,3b3de6f1483c2e36638b183c5b4b1d16764a7f3a89b934cedddad6423bd101ef
file,3b6fa05dc716ebfb23376b9e76ac460f064fb9816e13fe45231c1763d18c9b91
file,3b6ff62c3bc1d8ed91ab22c7a2a35e2ef6aeba68c95f5422abaf6fed90f0287c
file,3b7cd2c5a1b0da8e7e2903a668e4c2053d8bddd50142cf70293c9358f461d902
file,3ba16fdd2a3366af19641ad21ef4ff828edfd310b6fd8c6b4e24aa854d8a668a
file,3ba2d60edaa0c912490e433384228ffb036c6bdf094da5a837e95b987d806b6b
file,3bac6ca1ccebef443651250cf010eb8d60bdbba6c47316792023298a54666ce3
file,3bc0639f2fa39edf4ac593000bea16194883d90b4d1dbbff74c6b057f7a6dccf
file,3bc177dfd2b3f48c80a07dd0948a1e504bb1173d7bbfcb1167ac6c2dc00e0fa4
file,3bc44d7ce041964fc3499492a2bcc4b94455eebdcde4997b01f3bb834582c39c
file,3bee985f01929e1a7a7d50e025c3403f5369ead62f87c6140386132ce3a9b16c
file,3bf82e78c1668578276f0eff8ede9d61d214f78b6d495764c740e0869abcb556
file,3c03bd038214c517d7c95b2e6f8d543de14ba4916070d13ffcd2a3c169420a54
file,3c06d558d477e859e02cff7592a003df7ecdb5cbe3213e14194066566d25a140
file,3c17e31ed7c3dfa69dcf960a5521260ddcfe6e86552d8d7f1a061daf05328a90
file,3c270afedbac162aa305031ed80382933dabb68e7fb2043d6280ca94f0a91947
file,3c2ec100529e9f1baf650298e8b10220a49c1e5ec947487df598f08d256f00d5
file,3c3a3b2a25753979c825b3879275442b3ef4103dd3c06fb1e6e7790022a83b95
file,3c474b21b1d192ac68c8efac6367d0d351bccbfa5ee1596c34c5b6b0e9d402d7
file,3c4dabf3c9a7f6efbe35c188f1d130cef3499260e2fc1c46bc18e0e081618931
file,3cb831da5afd1d929c7877e966cd6e9e781508b38323dfcb1e1250093d85c250
file,3ce277555d5fa7dbb1662a44a088030e7813180d768aef5f721ae6cd14ca9f2b
file,3ce7ac0e6c94b12fbed733a3f3a1788a19402bdfe766fa90a0594689391c9f34
file,3cea2a4ea0be925701d0238777ac4957b1ba4b05c794a10b159e3a4c863fc4d7
file,3cfcc45f0ea66a3c1e162da4033521b5b2f775cd7602ec9d0c39693dbc5f3f34
file,3d0bfebbf266aeca3c2c927e19469aa8e42507da9c506a5b7328080e526b3117
file,3d1a2b1b79e9874f189e7fe2f975bec1ee7304dd55cb36e65d9686950f4a7410
file,3d3b64c2f30f9e25a66daf93d6fc6c311d8191a5249f63d002d9647d9b11188f
file,3d742c2afed427a107c5e3a6bdaa8a5b2bef2a03ca5358349fc80662209ab5ad
file,3d7bf6bb4e23880834de63dd1d3e7858c37569008428ca2f519a050e95807385
file,3d99d2176cd871a82d4964ee2520291b2a2a35efea559ed8503c643437d8c20f
file,3da8e8720eae92bb536d9e344a42e7b1f44d67211ff0eccaba0760b202f30a8f
file,3df0d3fa6e9fa9805e56f7875bfb24b0f47403e2d7bb53dfa9387df4ad22ab88
file,3df11c57526a9031300e45c9196a6e15996d46367a01702bc7ad3696e0a613cd
file,3e2565588ce4d687a5a22a0f2400e907fb13bfb1e16ff33bd47708b7e33116be
file,3e469e50675a64ad18b2bd0387599ae3405c55b6952f8b961587f9accef46596
file,3e5486f3bbc1fc39dde9b510ba90eafedbee3b0141719d06ae75db10633d5d1b
file,3e5fe41d32e3d114c69ab2388c7d900b46daca991fa7a8699b659666e22c2217
file,3e885cdaa4a0a702f5019c000af00e2a9b5c40b6c66ab6674706c5f63f07ac3e
file,3e8ab914e87fde194a381cec7345a85021976dd05b7d6c2dcb80d2c54057dc19
file,3ea0cfb0ee43b4433aad31fa32ca1245849e0b52c22d34f620ae47d7d0c0e3f9
file,3eb6a94f3d850a01dccfcecbb2e2b325e76e8dc60bbd1be540abb5bb24672da6
file,3ec05daab79fedb05386f14087bc5c1a14d84d7794ba7f6eae5ab55cc20fc66b
file,3ec8f57f55b1135d1e2577440b3bff7279c5c4eec510c1fb52a1e13e7f1cb3e4
file,3eef8702ad0c0ca74a96b70e37147c47e2aaa0a8715b19d010e7a53dcedb991a
file,3ef336a57f333d3a60a1b61a44fb13d82a0f71705190f703836a9ce243c3eeeb
file,3f02cb43f7700a8e5618fc6a33db83eb82175afe636c5ea77ba102fcf418bb78
file,3f46594625febe87c73407f78122c8b66a307128343700c01f0acb6275759367
file,3f6a880c0e553a83ab9f99cfa5ed1e909da8005fdb8dadf811710bd5322632e6
file,3f7a39200bc52ac0e9d1edfd4fce8485b749199bebac44682b5100585de0c348
file,3f7a9e214aaba600d4a78cb06a1799aa065ed55081fb0b7613fc779a44490cd1
file,3fa1b202ee588ab42a0a5a5f8f8563c22ec7378ae7ed2ef4a8c69b8cb10268ae
file,3fa291199c54dd0573e396f29f7954a957def37f52ce92670791c791a9e7c11e
file,3fbbcb32b1527569dc42448f9d35a7d1f9e32865a8e70789a2b5b0a44940f915
file,3fbd33e5aa4bda2bcd66ae77788f6fae1b3d906a2fa9822b281a02162d77e7ac
file,3fcfac6915e6c712e3b5fc28cfd3de0a84cab52aa66368b608423e90db091fe9
file,3feb87007443b952732c6b67e401d77196d218c7a44cfcd91b8c0bda02ceaaab
file,3ff035596c5b4148a1242853241f7af5260edf30dd7d711275e5712056bca4c7
file,3ffb03e61b04b2a5970ac22b04e45d5b02b272e2df36c8d746c7a1736dc1708d
file,404c70fbca2b96684da8da2ead99aa5c4e24daa958de0dc1cc9fc4b2db3d4af0
file,40598982c3b82332b98ba546163f084d346f3568b50752084980ed4df1f871ba
file,405c6773d58353a3cb2508367599ec206267e2feb7f6452e06eeb0e0d00c6630
file,4060e160ac5a47e06c4e24adf71f772577ae1c84ab6ee74b8158f4e636d3cf02
file,40905148951a1df7edf44c37021796e1451d6855754c5149686abf408cd5ced1
file,4095bc8be870ca66dc45540ab181b125daacf303e64b5d789f272f0913251df1
file,40ddf9cdccfbc713c3a01e64546d89c257c11c58d9d1ef70021a5ff9d3ee3b59
file,40ff485bfb86764eefd670606b4a7cf6f70ff1594861ee7dddd7b6d4210c80ba
file,4101b0dcbdbadf1dc53e74c4901c15686b0bfd66b4fb1a351910d41756f297c0
file,4107624a7334dd8750ca24831fb030a885c8de6b527009f4208cdcb5c397f404
file,41127a0dd4f3be76754f36402f6a1cf140927a76b1ab17e4fae8316667732325
file,411942c00d3a1dee69913eb365c26bf5a1640d4b392835e97683103d5cca1e2c
file,412267822d6e9122606b25e444d4606033edc19e2a4d113e8e9deb1a3b377762
file,4129b383a6a3d385df9b9b02c969fd196868b4243af7cd338092e117abe7f5eb
file,416cabf85384877d04a3f12c70fd324a61f5bff860edff7613aa3f7f3ae426fc
file,417c191e163b2e3e21228789d7f880b5e2229fa0f2e6066164b25adf08fc915f
file,41904a58309e8398e15326cd88352a470754937b2db41037ee08d2f781f8b46c
file,41a9b9aa5cd110c3512195ce581ac6d4cdcebeda297a2e535015bb216e93b193
file,41c05ce39db4e4e51bfafecc3961a8e77edb6b3f990791b2272338cd37fc6ddf
file,41c46f9e2efd543fcfe113698e6516056df5ead8a245c3c8011a7441d11c2674
file,41c8857bea496f71e314ba368b08e9575093f544f84a3517f7391bb7e0bf956b
file,41cb37475bb83a9d8723696b9a6c25fdb5ca4c6a3bf79f4a5d90b239279d6043
file,41d5c067fcca85ca6ad99f0c17da77d9cc40f5ba3f2eeabde5cf2f437f6e91f4
file,41eb40ada577d71fc362d9bf0a2d3de14fd40d7043bd73d7630344b50b3a142f
file,420d5462e42244c8e313cce56bf89abce262c3d69a8dd63ebe0c61c7de66dae2
file,4213d71e79519b8cf8eadeed8e86ab4d79bd96c32b2aebe10768b43da9518358
file,424b91183f288fd473d93fb11f150fbc2575c615182121bbddcf82af6d496b80
file,424c4f45c8989f76cf752740db4999501b02e7da22a031cacd5e476527a157f3
file,425b9ccdae04e36330be05ec5f24b0750e8fea7fe7be9eb38b52e0114e10f2f0
file,42a72d2c40766a6f20b98b7c6252ca22ab88405e095167924af0befc74f508cd
file,42ab0c2d5d22c416bf38962278f8f4f3a9ccbcfe21532c7c27730c3cf584772f
file,42eb4862065a0d51d9ba32fca4f752933c15f950f7d8270e85069b5726ac2c67
file,42fca45f6b99592227255f015c444417e398139644c69a83887d9b1bc7bafa40
file,43056290b503e9c82012656c1a6aeee3fe73b8f47bfe04be7dc74cba07830f0b
file,4337d94e3690a767858063c47c767cea05bec6c7f23329cee11cb97ed2e69b1b
file,434880cab227c20e6d38726b12ce826dc8b499d25d2c8396f572b63f758afac8
file,4359b2f0585d18dcd2d309dcae785927be6969bec92ac01acc146f87c75a3c8b
file,4395f20cb7181a9117515dc843698ae57e92f010068c3f7561f754b5c617bc1b
file,43a4338f4aea73cc59ef2c46ae33bf82dbeef786fc20ba4774a73bf65234042a
file,43f76e725068c19732cac0584a85e3794346e9837625847726e59dc4622f2496
file,441241f792b5bc1f704f4e2133be19e0110e12cb4bdbb26875dd3962b0c027d9
file,4455b5f145f192967329c5cb707ce6b2e169eb4d01ef3bc38bdabaacd770583b
file,449652584685826fc719fe3a6baf26f62e903f8f4ca03a0a0d2b5b27b220d102
file,44b00c49230bc613f2340294f539ee78b0e7b52933a3ad62617754e95f34649f
file,44c2686c8d91e0ecb93134318342ded3e0402851e736b809492702b03c03e3b5
file,453328e4512210f54d38da84a00e9862d96790ddbca293404d284a2b9e3f2311
file,453dc67b9e8f85d7bc6e4c7f8ce1c8d73c2148d0ae2fa0e336821465e2fa8f2c
file,4565723e0c436a5663f3112dd476f3927ed264e844035c591ec42c2b5b33a770
file,4578c742a5f65b98222dc0ea0cf056d03ae552c0914564dfd8a09b297e3544f8
file,457ba379d2c3a9fe1dd269e1e4e7d1618c26c7b7fa9cf462948ac360c373a9ee
file,45cf41c3626906fac4b7184a9ae5b215bc0c1655d576efbbfaf3750dd90b38f0
file,45cf9ad29cbab52e01486522bbfe3c532dd345be0813b6652e9b2d27f69503f9
file,45de593239600c60cd6a057e5ef4967308854fd687e00ea3416193a54e3242fc
file,461393cc8c60a1d53d8c1c147e47af94b18f844bd7aa8072639bc65944332472
file,4613eff8a50777c487772bd80ef94388c43847f0d59d41768e529e512ac887ad
file,462042b94ec5fd6627bf531131f6b98c8655e41bbfe221fddc7fc40968460a98
file,46358e5fea656c62ec262670d53cc93dcf424793fc7e1064555f8a2d9e28ddf6
file,463c45021d769d932bff297ebaff15c60e2ac951b7c1b76fd7c6774891f3e5a8
file,46b9258bfef3d7bcff03b076ddc02ad29865406edf75bdc67d5fe7c70214c439
file,46bc828c5981ebf75e359f0f5860a666481d446d79d368edd6e1fe80fb59435b
file,46cbe5d6e42f3fe2f33ce0643ddfa1f9b28e58a38df8e351f5691e7f347befd2
file,46e57d2c6ce2d32dd57aaf8cffd83b291873150c536e19003147438976a472f7
file,46e6210057ed304970a1493f7a64515d754fef70b94a287ff5f9fd45fc02b62a
file,46e7371bb82c893b495d6b5b82503322e345af01b36a3c696033509e978f7abd
file,471f61bd7c5935594ba1d23b8ef2ec58d15b8b5ef49139467045c670ecdd9666
file,47212f7ee9af8bf73803268ebb55999905e2330334b5c1843e18ca3435befa15
file,478006ba161b99bfd5d777c02e684fb8723f61d91f9bc58e23ce13577959d079
file,47a268d5f273032c7fa9c755c9c0fbdfa19e5f24c51cc4969a285f85aa34a961
file,47bb85365cc199a796ec3ba0e0ceb264c7f33d9c48babad973e170a2e20b6d7f
file,47d74bd8c5477ed1c748960c58c4e510143fc78add165cd4f4ce0c81eff5af0d
file,47e02cab86a424a936302f090ff54653fcf7c69f94d4206d393b64d1f9f41e93
file,47f1c6cd2d571859dab6d8ecc8e63989455367fa2568099b041a2bcb58716d3e
file,480bea532fa83bb2864fae23f45bc6e70be3dfb364e64ff36ae7b111e1923540
file,48348194eb4a536746fcd285b8acab3a84a7a9031f01fb06a708d9b41e082cc9
file,483b0c6e48aa64c77da0cdf882e44b55019eee3c64e174f7bc22e1f9ac0fc7a8
file,48435bc1dfb1887d4b9b61a932a87bc74395efce5c3e71215cd63a0db091855e
file,485a79b4b724196cdcecb7e3949ddd290e4aaaaece0aa57dfe9c6679e5b62c80
file,489772892418de016bf6197f19b21699f3f218b46b3ec42a70a6de7cf14f4da0
file,48d56bd3568e0353236a5dbd3a8f9af559057c23f2aa982cb57bfd34b5544116
file,48eb3ec3e2861155e7452daa59c6b022f15c3927bcd482fe15b0827460e58c6c
file,48fc296cd75daa6e3624119a759b81a2ac2e3eb640e04a38f4e7cbfbaaf9ceff
file,491ea217cfe9ac2d50ead1ca4277c043e802de9e48a93539eb6c9d62fbd2012a
file,491f685b0adc823b136e5415b2391e39c226d57e962fe9ec29b2492e3aa13e33
file,492403c9a82a04d6c1107e984a81534d53c4751f7929769d6fbe6316bf0d9e01
file,492ec21e25985d46ea118caa4b8adb27be3b178713924828cd4b0f3e4f051f12
file,4935de4a4912c4e74db882ddb20bc61c35474f1fdb76aa9b305ec267988eadfb
file,495606fc5fa13d813e38590acc5f0af67ade3db2b03fd83d8e6bd6e6336c2682
file,497ebe1bc2c9fbe378afb17fcb0c5d861f5d70ce768ef6ab4b91279975507e4e
file,499b32643244eb4bf19b8b0cdfdaa2f768dcae042e7b8fb66896084d62198e22
file,49ae095c676bfdac9759afe8d997f081cdfd986f9035009fd1890448a2c43ce0
file,49b659d1ed9482d0f9ca08627135876fa15eafc8a5a7ba050202a587ea039955
file,49d3fa1802d96cab3ba00e1767b507c643ad62d9a6e2ab56c05dcef5108fdf5a
file,49e224acb45f248972bf51d73b9596cc14a74a515f1478ba2780530eb5d30882
file,4a1652d6ae5569d7edebbaa0bcbf41657c5a43bba9e08c0221655940a1498806
file,4a3df0337614507676a21e5e9eb3c1c417e0b730b11fb722b94c1666bfed856f
file,4a4eabcace66abd3065ad4816649bba87102c5f467c514991a44d900e373912b
file,4a624715cabbc78c4985b2d95b699112e6a0150a0408c889a1a296e131f69159
file,4a6a4f6bf730d9a5cbebb0678b82fe2ab177c024a1a1ffa0203a9d3d8529cb0b
file,4aa4dc280418af5ce7c495624f0b120390500222ed5d827ea60cc8975717ceb7
file,4ab986cab2a5143eb0a80a6bef8780c812e69aa068abeb5eefd99c42a24189cf
file,4ab988715ed7b703e50e1b488ccd39bf03b134d1ba4ba388e57e02d51093970c
file,4abe34ff3266bb9bb5f3bb31f8645a15edd09a36c3bcaca57e5bb441f88da5a3
file,4ad18c06ca2002f4d71f2bb0ae488d56ab2b2429a9620b1e10f1cd1ac2eedb2e
file,4adadccdcfb373d4ae4c28048f815f93c720f44009ec70cf24b8374b52433c72
file,4aeb8f5f333113ddaaf8ae8ad6d3025fa7a76a834d88f1c9e9f3a1878bfd2ac5
file,4afb764f81598bcfe1f378df586d4ef7fb198e7a0c8690ebcaba98ecb71ce84d
file,4b094ed2ee906a7baa315692f9738bfe252c0f6a81466a42423bec21cef068a9
file,4b1393c2f919c82344e3cceb14446b11418b6a8121e2de5f18fb73031b6f420a
file,4b2993b1df350251810a7fc21b1229e352bef54ef29eb287dfaa46ce1d7d7301
file,4b3b4d6d76a99253730ccbae926b3148681c0e20bf3f7b1f16e8f627b01090dc
file,4b8cd413a468e588ada21be9f8acd6c16e72e8a148f0de311c691b4062f4dad0
file,4b916eaf9d39a6d40b1f5b68c7f9db175a5d00a8f6639c39500ba53619518d76
file,4badd90edc2f746c3df37b86a8551b6e00d8b7d475cea3d0ec958919f8967f0b
file,4bc1f4744b019c292f3d486699d5ad83856f49e434a0bc401ce26b9d6291d994
file,4bc985a739e935e573a057e0d46afd42009c22d1396d7e5e699284db97221aca
file,4be4c8b465e86e94ea32d34406770af745034154dc46357359843d3e9b9ab3fe
file,4be66ef0df6435bb66024f2a3b5df6338b5a1f79c6071d3c1064a04c691f1fee
file,4beaa05abbc9c61649f59a90870cf295699f35a90c02b4059a220bb281ca4150
file,4bfdb1598da2970df661d0cb2068045468a7cb760b5fb1dc6129e4a9bc74e378
file,4c0bcd1d5dc07aa26636054b44df4210a4933846646faf8e8b60f60910304846
file,4c2630c919499937b6e218c5086a18f005cd2f32f9e08152109ae102604673d9
file,4c340a5f7fdae1e3c9225930935d31eadd3d7ab9fb229b9ac6b4d31debca9185
file,4c57d3e2c28dbc48e923bd7a3a608f87c7ecdc24e7f02aed1e38cb53981f5c0a
file,4c58e2c41e7e8b3c6939d3a2090d318f156319913c8a2cb6dc340a503b563799
file,4c59b4bd3e3546e983c6c95ac6f3bb18b74098510d93840f45ef3d1c8762190c
file,4c641bee018c1e441dfc26a44fbc139e81d0d3d38f15b4509e6b36bc1593b100
file,4c6ba8da024a21fad1f69ea3bc783f8dad01e381e075fdddbd8ffbb604470b37
file,4c75a2e2511e44061424cc86123e1ea5dc4f7c8aadebc5c3bdebbe746175b2c6
file,4c75f28ca6d65b4dfc6a9b2d595cbed4e725e685e99999befffbb5e2f7d3cecd
file,4c8c712c44d2835928e39e0ec75f58f28667032b15c330f688d1bbf439a96a3a
file,4c9cb8d412a1405732e7edba038f9ccd3e7c1ee67164c9d92455ad1fdc136e76
file,4c9d2c49e7001ce20a15051efc32bd7aa5cab54638a4ba25129e1fca435490a1
file,4cce1d0f3159374107c21c7c6c26c6d53f99dcb18189cbf812e84ddd2db80f53
file,4ce24fccd2b9d0368fe1544011cdbfc559d99b4030e77fc1f468ee4af022f6c3
file,4d08ef355e4959f8a8a46ac8714e8455df34f0030bf76afb518b2c192a5267d0
file,4d473b41a79724b96279bc9776f339f5a4e09f3af091b78bd57e299da71c8387
file,4d4c1ccf73346deb05249fa0c63ec2ab8135adebff64ac734728c3e4027ebfd8
file,4d7ec7ccd1cb333fe3e336ed633ab4b5b16e0f21471f66c3d76063c52305057b
file,4d8cdf0f735fac7cb594f040ad12db82b65f163b81b533d5fb017d1a3698deb7
file,4d93491f6edfc910ec40b98e677501e3a036f087cf99d4754a76a3f7c9bdd8a0
file,4d9cf6814732a7f9c69554f38fead9cafeb07479ab4f46825fcc742d3ae8d48f
file,4de404021c7ddb3ee7451c646f05f2d35f1d082ed0c1973394ac72e6445aa9ca
file,4def45d288c63bbd2fa4db8e0169f0dffc145a4e4191d011ee7a37f3c6887777
file,4df820be66755d4a58c973554e84a1edc1cfb4a17b0ea75009418a319ed78e1b
file,4e3025c8a352aba867e91a00a42aeab32d85012c7bc1080827260ed8f9b1c2c4
file,4e42d59418f3de75eb27e3aa92fd431d511aa27d47aa926c5ffe2bfa1abec834
file,4e8381f45c894c61a39633295d8121246856c1bc4f1e03ae1937386e322ce5d3
file,4e8844c76e8410aff9101f6356ed431bfc610391cf779998b680e6f0297a1796
file,4ebaa832b95aeb947d56fd40d009240b1a0d519fd09cc827aa4d725335758be5
file,4ed99b65f905e5255182524d92820059d62e095fd1a50753af49484894552eb0
file,4edcbd529773206baaa7368a78a98e9cd982040411031b04042d234e13671a73
file,4f016a09d2817291f22e74c309e1472def9c63ad0a89c89bd24162a747291581
file,4f125a609a5ac3e366dae96551a89142b6de6bbc4cd46c68ed4d186247cc8f0f
file,4f128b2da9cf6f5aa8651941b942f2ad725b1cb380c15733e5164befc5ea5d89
file,4f7b761c2d7900fd571a0a30c15b9a00021ab58de47f545bbfaab977c77b612c
file,4f89ae64b6930625fe18efc7bc3c1a18d25959a1d1fc32e4eb666bcabcf65d6d
file,4f936a37aa71278719b44545d8b9f6206b53f53cabc71681964c2debe46ab71a
file,4fd7a643f46c75d36363eb162d6aece22c8466e45774f86c5fb6da5dcf58dc0c
file,4fe55f2fc2408a2064f73a02150cd4f90e6ca765002a0ec0f3112f0227678d09
file,50125dcfb3d4fe8a95b1aa49048569e0605752e2f441faeadf48a7f8f77e9e75
file,502527781816a65e9954ad78ee65130cad862efa3ecb2675a709e8feb8050fa8
file,50311d52e57fd61a1929d326bddcb9a1083c7d3dd275a8158537a8ad9e93b4de
file,503eb1cfafa15d907b849d4896719bb4e18117957544f3d3c2c7adbc8fe31c61
file,50752d9554ac00d0d4a8110b0834e487246fbea9c01daa0e9247e2a9538ded1b
file,5078326e9f7722e13d3760ade5cfde6d647f1fdbc976d2bdc7b91184dc2f039c
file,508296c38fe7c47aa9cd23140d09600a9b0a0c9e6fc4e4af476834f2435924fb
file,5083b37c1ea1b61cf8c26181b30860c280ae72ecd8f6a490df7fcd7605b72062
file,5094ee6cfc4fd0f47a91a0e36a1f7a4f2678b6d107ec010e15dd956f4110c75e
file,50966f17c35b786b46d247b71486d88c773cc234efa24a5e0b7c795562c316f6
file,50b8bc8275f70bfc822a3ca5939872e43fccfa0dfb5cf53d89682841e7e3fcc5
file,50d85e294f861c400ba689cda3e85ec5471c97ef3a5b93cf7dc40e58e41fddff
file,51026221011afbd8c473f72b9fa151e679b945193274eb1a709c6a442d2837cd
file,511eea87866f430c1612113c522d1c9003e3d90455839b35426b7591282670f2
file,51694025b727e4281bfe73235b647a08b4d6d60e28de1a971c9bf11b08c97038
file,516f9acf7eef2a96cbba835e683bcb0f6bbbdb0624aa9ec2599ae6fc321cce66
file,5182998216b69d4069e2ce9496fc607ca9732ded94a8fcd41d16921ccabfb89a
file,51890ea2e749f0994492bfb2a095f0ddf712b8c91fca65bc606c1ce0021894d8
file,51a43955e095de7dcf42ef69419fde44344df92f29ebdb20a0123c0ba37bba32
file,51aa0439d61ef6db8b68e91b5d9d1293e37f8c17b18134805434a327941bb01e
file,51b7a3c2e5be1b5193342c5fba83c01850618bde64dc99cf55da39326a926f2e
file,51bab09b0ec88b0b0603bb62995e0677f3a936137e09f1f725af4663cdebe527
file,51c23bf7fd1da0db1017aab90498eb3e5541f74497d070fa6c53a18b9f3ce12d
file,51cd1b1cb389e8f4f9de47c54e532e26692ea485cb904f09bb75e70e3f60f860
file,51ea8c3eb3720d87e6766295ea3f03ab854e3229c0eb19ff34498b596e851494
file,524c542d86becde4151b471d53c1c443ec4d3b6d241b78bbb517bf0f7acee684
file,525589087f2ed664629e73a0488b93ac063d6bde09bd1a5c016b60272c71789f
file,526be697bff16798a7b0db1272f29ee6e6e4a0d2f8779f857ebe162729e247a7
file,526ccfa9a4e0bf6748f4b971c5b2b3ec8749dd15ed275a0d7966f1306a877f22
file,5272ac18dc5f32cb5c06ad5cfb3b6f03850a856282cdb340d7b68165a6aba8c8
file,527c2c6c2e75dde5587203374b8788647e119b1597d716f52fabc6be85befe6e
file,528a3d8ddf0db6d3db69580c48313cac64479c6b968f31a4f22f548752b03057
file,5294276635e02af58a6f5046c48c19f25ecfc8fc8550cfc13a3e451fd51e7329
file,52994612a6eb897b0771f1a767ed5e831a770b302a94b42e3ef6bdb48195cc22
file,52a30a0145fec5a7c4108ef774a89fca8074652a88feb22b90d448575ef45981
file,52a56450c94ebe2a3a6c8ce8b45c61187dd4afcce7adfeff4753b3877c12c99e
file,52ba46dcc17e53e2f9569fa1818a42256e937081f8a887650a02b7b5d39761ee
file,52bfb0f219b6c87f595c1b648a1d36c88b4351a9730969c0969158f2497b35d6
file,52e7ef93ba91755ceb2b4af0b5f9cb39862bcddb884a85fe74c78dfe919e02ba
file,52febc83fe3a940bc0d1566ac276a96edd9945aebf246cb4ca0549541d04aa7c
file,534cf3c3020695c0efe3f68f1f78a7a37374a54773fa8d32c26fcbb5e9377a53
file,5354bacd3bb4fea7701412f283ce0d015d86f99044a900d7e353bdb02350bdaf
file,535a231743b02a6b3685755bb47234eb41ef1da7e3bc0d3d4f2770d405c27c5e
file,535d38591bb082cc87b9251e7314ec03e166565755db98a7858d2ba22d421fe3
file,536b20246c9eeaf1fd9a8109152bffc8310c96b9cdc3bbbaca92a8e840153d5a
file,539df889f8f8e391c5ce8fe85886bcfb098ffdf2569eaa06355c0ac8a1fc1dae
file,53b89c7d48b7cb016aa84ac1e63eb28e355881b4f26d2e44b365ebaf02e06643
file,53c138ca2e0c51c0fdf76ef07b9819bdfb69891db862de5b330a8ecf55d6dacb
file,53c47e7856d0bde7775a505b8c712f07f00c9d296244d9be94ed6763e3be273e
file,53ef3c40989db305dfca27a99296054f8228c1c7680b0a4ec111f731757454c0
file,53f1f4a0e12e70dbd16a35dbe0ba6bb4927c3157c246a3fbbf335835d43577f1
file,54468ca3a409518eb23cee752ae51939d206bc08c41c23d275d5d86b9f3074cb
file,5460437c49df7e026c1f66688d0fb1c64b434b3894761edf4539fde13aeaf9ec
file,5496eab80b5fd4b7ebbdc96150f12debb0794bc215fb480b23c01c98eba39b10
file,54ca21e74933aa1291eb305e1d9870a53e366f4d77963aed03c8e39307da8541
file,54ea133e7415b425c98da157264f14d624129f8d7da6c6ba60ee76615a92588b
file,54f24387c5dfbac50aacf0135859a71a672ef7b67c3aa9123607edad0c2efee6
file,5504d56e2d3cef6b74b2e2029b396ee557ea46146595707b903b4310dceb84af
file,552ddaf6d8dfc56d19eabd6e75ed8327fd929b1261d694ca7d054e50936dc886
file,553014452d91da4fd1ddfbd5206f5bebb4ddd5390de6235cd86c14f572ea0e29
file,5533d944927bb15b132ce1f90df7bea1a2bed9bf34c551af49b5669739c0ed7c
file,554638da284acfc97afaca128e4b7bff271e849c09595917ea7bc27b7dce5d28
file,555ee22eb8c059f1e759ebedd1dc4c0012631f6befc0dca42e728fac6cd95ee6
file,5570d8ea68fe9044b2329528c87832c684b019545ba904c1666f5a6014b4ed90
file,55816ef17c58f739d770da5a4761b0b8ed9fc075482b1943b3fd2045716ac2de
file,55b9952555c7f66b3707f0b2e2b69c59fa05a0764500834ea11fe5c86f2da9b3
file,55bfc957527e5d8f2e4fed7fd01a73fbc7ebe93a0854a24e42b888a03f77bdf6
file,55f5b0ef6ef0469848f1931e351fe5acff11dab99423c8bc3eb0772f71ee4209
file,56120fbd3ec7d6eba04db563fa306ac368356547d8d421fba32ca717ce745a6c
file,562eb85a706229c91357ce66da01a7f56d28e8e5d0772d4c247b07bdcfa484ab
file,564a9a79f084c735279df3d341bfba5c3c53b30a101cc4ca6c489725ad239c6b
file,56763b5ce3185f9b498d4a929ce84b5fae3ac09310013b9967abc46ee4209a80
file,56adf0f081f1f661b0a73de06508dff68dad0a5447c70121aaefba69d8e3985b
file,56cb57eab9c592148c1b4843799325d3609afdbdf18fe4793ee3bd96a5cca0fe
file,56db64c7472608301c120b39b4b9915eefa166cb95fedb26c1ca32c6d263027d
file,56f872d6af9c03efb257915177dd0040798c181f6938b3c06f801af471fe53a1
file,5736457ea26b4b25a36974abd33650b69e80d9f70b1595d07c1f9e0881912dac
file,575672d2a96bf9d67c38852b832e9faafdc27b03d7a962ee35518be0810ccfc7
file,575fe852c39caba34297ba7876ede2fc49911785967a220a936d54bf56283de2
file,577e262964d28320f2a2e8ceff14ab3a8e7532dabbaf0e7f1193780f11ceae2f
file,577f600de06a80efec49ddaf37428300fc11d8390c33eb314aa65a1a2e702c26
file,57825f10348fc7b41137630b2df986e01f922c91af488980244db00c1dda1c4f
file,5782ad6c2bd5498ed5fde10a6c270be026fb11532b978ee782000b18821c8605
file,5799d3d72e2f5bb0271d234ad6ba3e8651ff8868eb9a25d1fcfc645fc986b9e9
file,57c8454a7f36c7fcd63bbd49ac26e19bb77235b3dcd635bd8ebdf3f1920adae2
file,57de11e6b7a560a678ac6595b5e8357d3dbaee75f5b698380b71e21f48ae30bd
file,57e2dd69a0d0ddc367f29d5def48a52086c86fa1cc011c0ca56a51c0eab2ef7b
file,57e6fd7512e7e3d6a02ab064f0cf3cdb1fe3e90452d3ff7ba2fe07ccd2ee7637
file,57e738565fd6441a693fb0c58a4f9d32c1642f5ae66dff573d4f8b4ef545807c
file,57e97d0298a4237e81db70bd6fbeeabedaf550dc1ce0575dfee74fe5cf602e86
file,57edc8c2f94ca1c3e1aeddacbd7077f4da9c21a1471c6bf08cba966c5d4ac483
file,57f0035517bc999e8a735ba5e0122bc7d7c63f519bd41009924665736af19b51
file,57fb77909c72da143300b64811e904848cda8833547fa28d97173bf7818f4e5b
file,580a42082237b55251608dd4efc8c52b022037260da640b0b3413a7b59a418d9
file,581b9232365b44fd1f873bf1216e14db6e6606a34b9c9db2cee6bcfbe234a068
file,582e3d9a2f19747973971000e620f394fd9b1d7a935848030a5641e259df7347
file,583a50d620dadac3bc8588cc223043b0ea864e11a17c03093ec136147984dbd1
file,5845c10e46f5787b5e61b79b9b0b71baa5e2eec5d1c14cf7177ba818d8910762
file,586a9086f0bcde23216941763508979c5b35c5a4bee649f7565b9cea581531e3
file,58874817775be099a885ad2664a3cdbb23d99dd2913507b68a846c579488b660
file,588885a59e3e2f40b9e02065ae4fd971ea4f4c9b20ad67ea8cca8e74f88c1201
file,5895a0f6bca57a57d51f8cd7bd4631d8231baee56b6d927bf3c38e427f3e8107
file,589ad254463b63cabc54a65c14b84a91ff135a6439ecb952870e61492bf9e0aa
file,58c985b33c8df65ab46c1b99b0cf402dc2fb50018f960d60c3bda9932c62840f
file,590e86916d371437ce1601922f857297adc4627d5756c66c0b71e11891abaa68
file,591051bb0fd877affc4efe5af569ee87416975bdb5e3b23fe9f581dc0ac99ed2
file,5914bd0a1160daa025f15e0ea9b7a317b5fe56384ff094d3f3a9c2435362852a
file,5927055bdcb05a35c29ff9aa19cea3abae8267ff1ee8abb87fc96d1d9339569e
file,59271870c0ecf15d4d357d39a5ee4372e2ed2746aa04d955ab8359b562cd91a5
file,594179a5a6d0db19853ea5a33fa84703ae2a545c932a2c69d3dd7f71cf629500
file,59461529137992a77c93a01b7783bc61e731937d2dcd3f58f31d668cc4bd5443
file,597e43d12a1285160d665daceb1ff2b07d8c2991b6102168dade943c3e3b8659
file,598a422080bfa19ed8c92342422bc5a8ebe27f015454f62efaba89c94a90ea6d
file,598d47e3fe101e46c3d1588fdd3dcebe3a3236f24b4cf28ec1e7707251f0a1e3
file,59b3ed16345824b76ed11a9502b6a57b6ba6369af904fd4e7af2ff5dd246a51c
file,5a18bae5dc722829247af597e37dc218ae8efebd44f8e4af8773279172f9a655
file,5a21ad5703775e3e465db621b0f93658770e9cfde2a020e020f17605640e27b3
file,5a2eaba3c32ee500da0a66c314012039c51040be98fab22a7f81c6c6c425f85d
file,5a2f293464ccc1d77f178002852be575f9ba53e523590973feb85be9ba26106c
file,5a32ad1a42b7137d8d2b1a4167d77de232339c017ecd2f865c16d4e5fe39b23a
file,5a3d09006d844a64cd5a2e852bc2e7438f4b523928256c0f0ee69fc14f0da8af
file,5a7b48aaa90c48b2ebb50b1d78877f084d01f4daecb42b744844ffa887eefd5d
file,5a7c31b5c0b9951a8789fab6681789046cfa97cf637fd7eef11e2d65b9dcf3da
file,5a9c39e0049c9ff69725fd0ce3423562ccf6dc28e52954405ce5b3f4df21a93a
file,5ab5a6d1d1670db5b0f838ac771591c0583802dd1910f3f91e22c15c0eca21e9
file,5ac3a5df769da3cf032999bc6be93f9fa4fc1725cdebca2751da9116c461cacc
file,5ac7bc0bc73f03830c3c43233639adffa9e6c2c9087a7dd53cd993baf839a124
file,5acf01bcf4c4514aa472f372eb5e3e749dffb5e7d91194c0017dfd97075ca6a3
file,5ad7c014dfc3d9bba289edfd3066f1d487f6e1c591276986580e4ca4a797d47d
file,5b008de9f3282988f0fa1e228478cb89fb9891d8f11fd6c3dc0119d77eb0f6f3
file,5b0b16b64a1bf9b1bc88c60e2e1ebdf438841cf88a24b4500b18b5ad01315a74
file,5b16c56f47b2e373f0f6551be8eba30ea305db58854cddf3cf057d4be30105fa
file,5b2986bc5bb45b02caf289819dd78e00029b9ed59869431b938d6fbe49c97f53
file,5b2d55c2547ea66d708d13f3b63f0c78932421f7453a79b40b1942cd73ddf55b
file,5b333ffb18361963d4546ef43e7e0bcba46a996bac0fb52d0062d739fe226295
file,5b78e9cdaa400eae197b59f5f93c5b18470f48b2a6d0b86c21f9fc1f5671b9e2
file,5b8545404bd98a9d0a863183acab281d2cffc379053a20b3d06edd9ec4282233
file,5ba5b868eef327f8a743a3f89ce7e7a2e79a9d94f22c392327eece0808aa77cd
file,5ba6eb308b0ac5b99f94ff4d9b055e9f331a1e6e1d64fa58a361b9a674d1f1a9
file,5ba771db299ff03c5eeeec6ca6105333267a44fdade1d0c38723c333aaabced3
file,5bb156b08bfd2b57ca4743d1ea0180fff3e915f0564395abe049e0931874da40
file,5bbd494b2b972f93e57628f1a258917928b24eee74b9096f220e734512a64409
file,5bf848057617647c894a2bd3aed506f93e722c5debd0f0195de28c2500218ac4
file,5c08ca3da7e3ca0d060ba852ac56eba43edc9f912228a081fbad0768e77d9acf
file,5c1a288af813da6abb459e53c9e8a808c7bce7d3e8d43a73c9c525b3e97ed101
file,5c652a4304bb04a38f68830361ed205ef4ab65fae97523c8c9d5fd2e9160f746
file,5c6f2d5e5c48bb6f6558a2dda5364d48a7527ea69111e54d800d833abf793d21
file,5c890bbad51c4dd993e5b2617d30f15441f061c718c655e88a83eeaa53af9826
file,5c8e3605eb470984814fbeab474f6434be489f00f6b33225a5fd364f4bb5c691
file,5c9200575e901ca09e195af501a433f5a9944dc93f4a6813ecb91224943fe68b
file,5ca09226a1b80c70418ef97ef03ebc08355b6b4d23d543a78bd7c52a1a7693a2
file,5caa5786ca80edc030397c71588e4f56e05c3142feedcbbba623a6f15bd224d2
file,5cbb4366433aeb827e4113c683425af46cb76f08753d007cc8d1fa9802fead95
file,5cf38b5309b8d8a87cf7cfc29783b6e4942432ee1e2b4c09b14942dc56412e6b
file,5cfaf3fea4ae7c8bf6e7226fd319aeb960a87e8bfb7b15e9c86f220cfa7c5ddc
file,5d074f02d203d35a33a72906343d7240dc6b44b3ceb2a1734e774c240cdf0e70
file,5d07c03f5868e8ad21c0be4fa4b4aa9a8416c1398ba606dbe2d762c06c56fdd7
file,5d11d2324c8fd2aed4ab969a47bb04981f1f48bdbde44c502a696b2084860bc6
file,5d59290a5a80f52cba944d47cf09a084c32aa9ebc271c1d17f6ccdbbdbb7ee45
file,5d63a89ee37fad067fce2d3e3f70a77bd35bdd36077bc5760dc66545d294839d
file,5d92a7b47eb78d271ec9eba94925f99cd7e95d33f46312afc8ea8594e0b8e23a
file,5d95f476419d3a3135715f2eed0aa6de69b130436772d29100fd7870a2c450f4
file,5ddcb2d54a68d43d740791a408c842be01784123bab7b158ef44e525220650d1
file,5df66379868e1cee7f828547c5fb163b5c1379c4f1b58fca7edf365c46d6c317
file,5e08bb698efc14635e7d73cdb2dbd560bcdd004e9c71d4f4d3831cfe9876a051
file,5e09babd5659c80265816b48b0e26c465227e3fab17d9753def33782cb55fa51
file,5e13b26580f9895318e23ae0ccaf8752f511ba68fbf55563be4cc0d878533dae
file,5e20b69f08a925302255dc5259ef1ea998dfcf96fee37462404bf1dd31726e25
file,5e2d2fdc9d4fd2140650bd56b32f637892c9394284c2081bcfa65ca4d15507dd
file,5e39afd83385dea675e9f8b4524c36fbd14e740328a79dbbd2d6d048fa4a15f7
file,5eb0a8d0ae7da3b30ecb5c0e6e479c5b5ac87c0b4fdb489863a4d5e6c7864519
file,5eba7a92d1fef1ed5d67d8fc276421d3d50d1cc3bf86e367a36adfac4f74d507
file,5f4f30b5bbebebcff1343bca343388651c0634535ad9fc16c67b92766534196a
file,5f77b4c34e226f638312a92a191f8a5e2563eb2b9618cd771b64cbe95574135c
file,5f7cb41fa610ede3759b974c250e79f89a9046a9814b4c2d867272e58b830c0f
file,5f7fb4e9229258fe646250067f1283c8085ae980906f92e845d1f1891ea7bac3
file,5f86f8419d8e9b749411f99b9f85a821983b6cec329ff23dc2ec75f661fc51d1
file,5f93f67749e03367dacceb4431f0a185f24a070d3ee5ba67db8e32fc767942a2
file,5f94dabf691f3432b26ad16c1f7ecb24292db785b9562faeb1131ea9306e6a6d
file,5fa9d9b71791483ca380f09e1fc946b0ba7d68cfb73147bf80aa472b72497ef3
file,5faf1470d21ab8656570845c605ce7603a2e51e3d8381a3fa84a819546bdb130
file,5fda14fd0e15c960185dd8c1bc1e1f9f7cfe86cc9019cff7849fea822171f3e4
file,5fe28bf92d80d3a0a12573ad9761961fed8b7a3f1ecc8253f0b31a5b153862f9
file,5ffde34ca919488fd86987369e3da6ccd8f71e39931adee2c2aced78314af309
file,60201c0314042d9d68d7e72a67d0140fdb103f2ba66edfa85e6bab4c2cfe07f6
file,6038e902137e89ed901f487f1ff5cea8
file,606636ba25b8f59e8e883c1b000ea7ed54ff8d05e427d3dfbac6720168aadb25
file,60718b167ea622906f43482841dbc56abe51ffa989cdd76d7ffc5c53cc895097
file,608ca56cb007666b04b9dfd45229bdfa7796ae2a9eab18d79ddef4e44f4cf8e2
file,60c5b6b5cb1a91e810544cc4abc84d6b8b182fdeec9fe9acc29f3173fe1d0cba
file,60e23ca016a30b61725f14a51a3c063ec94f95da7337bd341516073e5e221e3c
file,60e991d8b11d4ed1c7282da3386d202a034d2b3fa59a277b5134e161ca9e2aaf
file,60ffe8bdbb952f4718c7e4f8a852b2369b3f5b45f5c38ae6208cd5e74524d43b
file,61221be0c1a1a39191550be28e12be6c7892ef4a8879ef2b931a08f528e61bef
file,6125668869f93ab44fe5ed7d1a20cf7ffbf9e10cfb07af832670ee509ee962e7
file,6164b00bb2d598e845d48fc38f7a1003d3a471ca6e7e8a679c9a954d60bb5300
file,6165d6108b63e0648d443a98419a9aabe9dde300b198bfd222c071179ee01852
file,617fb5dada8b6c97268cea52fa776b555c95f4033e65f1bafacbbe0df307728c
file,61869767e1899f64864c266ce0bb34bdb6e3db7ce39627d307d8ba851bd9521e
file,61871ccf2e6d250863a6c8ba35541e9440700a7b2db0cb9e7e7ccd5c5214ae06
file,618fb792b6e084b763990ce2b947f940e4c4739f486d149d747935368feeac0d
file,61aa16de4ea3a6c863851dedc64154b5c73a2f0cbec55ed291d1b45f9f99a34d
file,61b88a8988455bb5bd97d75a0601f3e9768b28a1332a60355de75e236c6b4ccc
file,61c4b84c1dd6e594cf2adf18a88fb23195bca3f264e2512fa0d840e6ffcf7327
file,61e6e03999ec428f0ec6e1bb6c80ca471dc20189fb0000ea1859ad4228e956d9
file,62041d5f0574f6b3fd38cfe59570758c8c1404091ee5322909638de2ca0c2536
file,6213d046cc08bcc8b0269e0886055c944caee00dbd52a4181a25636c35df839b
file,621bab0b8867573e47467ed1e84b873b1d3a97a9658d9c8744e301f12a87e1d2
domain,bitbucket.org
domain,transfer.sh
domain,vntricker.abcxzy.com
ip_address,176.123.4.46
ip_address,194.180.49.159
ip_address,5.42.65.80
ip_address,5.42.92.211
ip_address,77.91.124.1
ip_address,77.91.124.55
ip_address,77.91.68.29
ip_address,77.91.68.52
ip_address,77.91.68.78
url,http://host-file-host6.com/
url,http://77.91.124.231/smo/exto.exe
url,http://77.91.68.52/mac/index.php
url,http://77.91.68.249/navi/kur90.exe
url,http://77.91.124.231/smo/expo.exe
url,http://77.91.124.1/theme/index.php
url,http://77.91.68.238/new/foto7447.exe
url,http://77.91.68.78/file/lega.exe
url,http://77.91.124.231/new/fotod780.exe
url,http://77.91.68.52/fuza/foto3553.exe
url,http://77.91.68.238/love/no230.exe
url,http://77.91.68.239/dark/nsi85.exe
url,http://77.91.68.52/fuza/nano.exe
url,http://host-host-file8.com/
url,http://77.91.68.78/help/index.php
url,http://5.42.64.10/api/files/software/s6.exe
url,http://77.91.68.52/fuza/foto1221.exe
url,http://vntricker.abcxzy.com/
url,http://77.91.68.29/fks/
url,http://77.91.68.239/wase/zor40.exe
url,http://77.91.68.52/fuza/exbo.exe
url,http://77.91.68.52/file/lega.exe
url,http://77.91.124.231/new/foto7447.exe
url,http://77.91.124.231/new/fotod345.exe
url,http://5.42.92.211/loghub/master
url,https://bitbucket.org/workker300066/partners/downloads/Project_8.exe
url,http://app.nnnaajjjgc.com/check/safe
url,http://77.91.68.238/smo/exto.exe
url,http://5.42.65.80/8bmeVwqx/index.php
url,https://transfer.sh/get/G7F6bigBiN/av.exe
url,http://77.91.124.231/new/foto3450.exe
url,http://77.91.68.1/new/fotod780.exe
url,http://77.91.68.238/smo/exbo.exe
